id	model	local_AUC	local_P@L	local_P@L2	local_P@L5	short_AUC	short_P@L	short_P@L2	short_P@L5	medium_AUC	medium_P@L	medium_P@L2	medium_P@L5	long_AUC	long_P@L	long_P@L2	long_P@L5
cut0000_ptm0.852_r3	ESM-2 (Unsupervised)	0.7256715893745422	0.6402116417884827	0.7659574747085571	0.8108108043670654	0.5685805082321167	0.31216931343078613	0.5319148898124695	0.8918918967247009	0.5988863110542297	0.3650793731212616	0.5744680762290955	0.8648648858070374	0.5873271226882935	0.4444444477558136	0.6382978558540344	0.6486486196517944
cut0001_ptm0.859_r3	ESM-2 (Unsupervised)	0.7192307710647583	0.6296296119689941	0.7659574747085571	0.7567567825317383	0.569926381111145	0.31216931343078613	0.5319148898124695	0.8918918967247009	0.5955953598022461	0.3650793731212616	0.5744680762290955	0.837837815284729	0.5834137201309204	0.4444444477558136	0.6170212626457214	0.6486486196517944
cut0002_ptm0.857_r3	ESM-2 (Unsupervised)	0.72681725025177	0.6455026268959045	0.7659574747085571	0.7567567825317383	0.5703787207603455	0.31216931343078613	0.5319148898124695	0.8918918967247009	0.5997179746627808	0.3650793731212616	0.5744680762290955	0.8648648858070374	0.5772590041160583	0.43386244773864746	0.6063829660415649	0.6216216087341309
cut0003_ptm0.857_r3	ESM-2 (Unsupervised)	0.7489358186721802	0.6455026268959045	0.7872340679168701	0.7837837934494019	0.571712076663971	0.31216931343078613	0.5319148898124695	0.8918918967247009	0.5981707572937012	0.3650793731212616	0.5744680762290955	0.8648648858070374	0.5862366557121277	0.43915343284606934	0.6063829660415649	0.6216216087341309
cut0004_ptm0.843_r3	ESM-2 (Unsupervised)	0.7830332517623901	0.6666666865348816	0.8191489577293396	0.8648648858070374	0.5729095339775085	0.31216931343078613	0.5319148898124695	0.8918918967247009	0.5953212380409241	0.3650793731212616	0.563829779624939	0.8648648858070374	0.5961638689041138	0.44973546266555786	0.6170212626457214	0.6486486196517944
cut0005_ptm0.839_r3	ESM-2 (Unsupervised)	0.7898221015930176	0.6878306865692139	0.8297872543334961	0.8648648858070374	0.5729095339775085	0.31216931343078613	0.5319148898124695	0.8918918967247009	0.6010664105415344	0.37037035822868347	0.5744680762290955	0.8648648858070374	0.6149663925170898	0.460317462682724	0.6276595592498779	0.7027027010917664
cut0006_ptm0.831_r3	ESM-2 (Unsupervised)	0.8062726259231567	0.6984127163887024	0.8404255509376526	0.8648648858070374	0.5812622308731079	0.3174603283405304	0.542553186416626	0.9189189076423645	0.6067537665367126	0.38624337315559387	0.585106372833252	0.8648648858070374	0.6273146867752075	0.45502644777297974	0.6489361524581909	0.7027027010917664
cut0007_ptm0.841_r3	ESM-2 (Unsupervised)	0.8187675476074219	0.6984127163887024	0.8723404407501221	0.8918918967247009	0.5753833055496216	0.31216931343078613	0.542553186416626	0.9189189076423645	0.6170676350593567	0.38624337315559387	0.5957446694374084	0.8918918967247009	0.6409112215042114	0.46560847759246826	0.6595744490623474	0.7567567825317383
cut0008_ptm0.837_r3	ESM-2 (Unsupervised)	0.8167387247085571	0.7089946866035461	0.8510638475418091	0.8918918967247009	0.5760161876678467	0.3174603283405304	0.542553186416626	0.8918918967247009	0.619122326374054	0.380952388048172	0.5957446694374084	0.8918918967247009	0.6343494653701782	0.460317462682724	0.6382978558540344	0.7567567825317383
cut0009_ptm0.832_r3	ESM-2 (Unsupervised)	0.816504180431366	0.7089946866035461	0.8617021441459656	0.8648648858070374	0.5658243894577026	0.30687829852104187	0.542553186416626	0.8648648858070374	0.6236143708229065	0.380952388048172	0.6063829660415649	0.8918918967247009	0.6147336959838867	0.45502644777297974	0.6063829660415649	0.7027027010917664
cut0010_ptm0.817_r3	ESM-2 (Unsupervised)	0.8283334970474243	0.7195767164230347	0.8723404407501221	0.8648648858070374	0.5576926469802856	0.29100528359413147	0.521276593208313	0.8918918967247009	0.5920639634132385	0.35978835821151733	0.5531914830207825	0.8918918967247009	0.6161519885063171	0.45502644777297974	0.6063829660415649	0.7567567825317383
cut0011_ptm0.818_r3	ESM-2 (Unsupervised)	0.8022284507751465	0.6984127163887024	0.8297872543334961	0.8648648858070374	0.5660552382469177	0.29629629850387573	0.5319148898124695	0.8918918967247009	0.5992226600646973	0.35978835821151733	0.563829779624939	0.8918918967247009	0.6036345362663269	0.44973546266555786	0.5957446694374084	0.7027027010917664
cut0012_ptm0.831_r3	ESM-2 (Unsupervised)	0.8006342053413391	0.6931216716766357	0.8404255509376526	0.837837815284729	0.5557475686073303	0.29100528359413147	0.521276593208313	0.8648648858070374	0.6015509366989136	0.35978835821151733	0.563829779624939	0.9189189076423645	0.5983032584190369	0.4444444477558136	0.5957446694374084	0.7027027010917664
cut0013_ptm0.832_r3	ESM-2 (Unsupervised)	0.7924076318740845	0.682539701461792	0.8297872543334961	0.8648648858070374	0.5481425523757935	0.2857142984867096	0.5106382966041565	0.8648648858070374	0.6013496518135071	0.35978835821151733	0.563829779624939	0.9189189076423645	0.5945738554000854	0.42328041791915894	0.5744680762290955	0.7027027010917664
cut0014_ptm0.821_r3	ESM-2 (Unsupervised)	0.7820656299591064	0.6719576716423035	0.8191489577293396	0.8108108043670654	0.5550281405448914	0.2857142984867096	0.521276593208313	0.8918918967247009	0.6027637124061584	0.3650793731212616	0.563829779624939	0.9189189076423645	0.5777379274368286	0.4285714328289032	0.5744680762290955	0.6486486196517944
cut0015_ptm0.781_r3	ESM-2 (Unsupervised)	0.7468742728233337	0.6560846567153931	0.7553191781044006	0.8108108043670654	0.5468884110450745	0.2857142984867096	0.5	0.8918918967247009	0.6024669408798218	0.3650793731212616	0.563829779624939	0.9189189076423645	0.5865061283111572	0.43386244773864746	0.585106372833252	0.7027027010917664
cut0016_ptm0.767_r3	ESM-2 (Unsupervised)	0.7346450090408325	0.6507936716079712	0.7446808218955994	0.7837837934494019	0.5463593006134033	0.28042328357696533	0.5	0.8918918967247009	0.5860579609870911	0.35449734330177307	0.5531914830207825	0.8918918967247009	0.5753623247146606	0.40740740299224854	0.542553186416626	0.7297297120094299
cut0017_ptm0.765_r3	ESM-2 (Unsupervised)	0.727997899055481	0.6507936716079712	0.7553191781044006	0.7297297120094299	0.5508452653884888	0.2857142984867096	0.5106382966041565	0.8918918967247009	0.5868560671806335	0.35449734330177307	0.5531914830207825	0.8918918967247009	0.5704749822616577	0.4126984179019928	0.5531914830207825	0.7027027010917664
cut0018_ptm0.762_r3	ESM-2 (Unsupervised)	0.7347639203071594	0.6507936716079712	0.7340425252914429	0.7837837934494019	0.5550281405448914	0.2857142984867096	0.521276593208313	0.8918918967247009	0.5937384963035583	0.35978835821151733	0.5531914830207825	0.9189189076423645	0.6134437322616577	0.4444444477558136	0.6382978558540344	0.7027027010917664
cut0019_ptm0.750_r3	ESM-2 (Unsupervised)	0.7380101084709167	0.6455026268959045	0.7127659320831299	0.8108108043670654	0.5325340628623962	0.28042328357696533	0.5	0.8648648858070374	0.5872481465339661	0.35449734330177307	0.5531914830207825	0.8918918967247009	0.5925145745277405	0.42328041791915894	0.6063829660415649	0.7027027010917664
cut0020_ptm0.755_r3	ESM-2 (Unsupervised)	0.7418016195297241	0.6560846567153931	0.7446808218955994	0.8108108043670654	0.5416102409362793	0.29629629850387573	0.5	0.8648648858070374	0.5812596082687378	0.35449734330177307	0.5319148898124695	0.8918918967247009	0.5547048449516296	0.3968254029750824	0.5744680762290955	0.6486486196517944
cut0021_ptm0.744_r3	ESM-2 (Unsupervised)	0.7448252439498901	0.6402116417884827	0.7553191781044006	0.8108108043670654	0.5294175148010254	0.27513226866722107	0.4893617033958435	0.8918918967247009	0.59080970287323	0.35978835821151733	0.542553186416626	0.9189189076423645	0.5425110459327698	0.37566137313842773	0.5744680762290955	0.6486486196517944
cut0022_ptm0.742_r3	ESM-2 (Unsupervised)	0.7408913373947144	0.6402116417884827	0.7446808218955994	0.8108108043670654	0.5419506430625916	0.29100528359413147	0.5106382966041565	0.8918918967247009	0.580340564250946	0.35978835821151733	0.521276593208313	0.9189189076423645	0.563055157661438	0.37566137313842773	0.585106372833252	0.7027027010917664
cut0023_ptm0.729_r3	ESM-2 (Unsupervised)	0.7391769886016846	0.6402116417884827	0.7340425252914429	0.8108108043670654	0.537564218044281	0.29100528359413147	0.4893617033958435	0.8648648858070374	0.5933530330657959	0.35978835821151733	0.542553186416626	0.9189189076423645	0.5451753735542297	0.37037035822868347	0.5744680762290955	0.6756756901741028
cut0024_ptm0.740_r3	ESM-2 (Unsupervised)	0.734815239906311	0.6402116417884827	0.7234042286872864	0.8108108043670654	0.5347564220428467	0.2857142984867096	0.4893617033958435	0.8648648858070374	0.5992787480354309	0.3650793731212616	0.5531914830207825	0.9459459185600281	0.5443410873413086	0.3650793731212616	0.5744680762290955	0.6756756901741028
cut0025_ptm0.735_r3	ESM-2 (Unsupervised)	0.761758029460907	0.6613756418228149	0.7446808218955994	0.8648648858070374	0.5304075479507446	0.2857142984867096	0.478723406791687	0.8648648858070374	0.6015040278434753	0.3650793731212616	0.5531914830207825	0.9459459185600281	0.5146539211273193	0.33862432837486267	0.542553186416626	0.6486486196517944
cut0026_ptm0.735_r3	ESM-2 (Unsupervised)	0.7609198689460754	0.6455026268959045	0.7446808218955994	0.8648648858070374	0.5358452200889587	0.29629629850387573	0.5	0.837837815284729	0.59662264585495	0.35978835821151733	0.542553186416626	0.9459459185600281	0.520955502986908	0.3492063581943512	0.542553186416626	0.6216216087341309
cut0027_ptm0.735_r3	ESM-2 (Unsupervised)	0.759544849395752	0.6560846567153931	0.7234042286872864	0.8648648858070374	0.5331565141677856	0.28042328357696533	0.4893617033958435	0.8648648858070374	0.5852867960929871	0.35449734330177307	0.5319148898124695	0.9189189076423645	0.5042831301689148	0.3333333432674408	0.542553186416626	0.5945945978164673
cut0028_ptm0.735_r3	ESM-2 (Unsupervised)	0.7524296641349792	0.6666666865348816	0.7446808218955994	0.837837815284729	0.4940563142299652	0.2698412835597992	0.44680851697921753	0.7837837934494019	0.5808967351913452	0.35449734330177307	0.5319148898124695	0.8918918967247009	0.5052862763404846	0.3333333432674408	0.521276593208313	0.6216216087341309
cut0029_ptm0.852_r3	ESM-2 (Unsupervised)	0.7506424784660339	0.6349206566810608	0.7446808218955994	0.8648648858070374	0.514567494392395	0.27513226866722107	0.457446813583374	0.8648648858070374	0.5891038775444031	0.37037035822868347	0.542553186416626	0.8918918967247009	0.5399818420410156	0.3492063581943512	0.5531914830207825	0.6486486196517944
cut0030_ptm0.732_r3	ESM-2 (Unsupervised)	0.7212157249450684	0.6137565970420837	0.7234042286872864	0.837837815284729	0.5190746784210205	0.28042328357696533	0.4680851101875305	0.8648648858070374	0.5756502151489258	0.3492063581943512	0.521276593208313	0.8918918967247009	0.49950045347213745	0.32275131344795227	0.521276593208313	0.6216216087341309
cut0031_ptm0.731_r3	ESM-2 (Unsupervised)	0.7314541339874268	0.6507936716079712	0.7021276354789734	0.8108108043670654	0.5004760026931763	0.27513226866722107	0.44680851697921753	0.7567567825317383	0.5686212778091431	0.33862432837486267	0.5	0.8918918967247009	0.49341171979904175	0.3174603283405304	0.521276593208313	0.6216216087341309
cut0032_ptm0.721_r3	ESM-2 (Unsupervised)	0.718506932258606	0.6349206566810608	0.6808510422706604	0.8108108043670654	0.4411790370941162	0.24338623881340027	0.39361703395843506	0.7027027010917664	0.5637788772583008	0.3333333432674408	0.5	0.8918918967247009	0.46154850721359253	0.30158731341362	0.4680851101875305	0.5675675868988037
cut0033_ptm0.726_r3	ESM-2 (Unsupervised)	0.7329457998275757	0.6349206566810608	0.7234042286872864	0.837837815284729	0.44032377004623413	0.2380952388048172	0.39361703395843506	0.7297297120094299	0.5678101778030396	0.3333333432674408	0.5106382966041565	0.8918918967247009	0.4700721800327301	0.30158731341362	0.4893617033958435	0.5675675868988037
cut0034_ptm0.722_r3	ESM-2 (Unsupervised)	0.7288803458213806	0.6349206566810608	0.7234042286872864	0.8108108043670654	0.44566744565963745	0.24338623881340027	0.39361703395843506	0.7297297120094299	0.5710419416427612	0.33862432837486267	0.5106382966041565	0.9189189076423645	0.4527495801448822	0.29100528359413147	0.457446813583374	0.5405405163764954
cut0035_ptm0.722_r3	ESM-2 (Unsupervised)	0.7360545992851257	0.6243386268615723	0.7553191781044006	0.8108108043670654	0.4482302665710449	0.24338623881340027	0.39361703395843506	0.7567567825317383	0.5718079805374146	0.33862432837486267	0.5106382966041565	0.8918918967247009	0.4627261161804199	0.30158731341362	0.478723406791687	0.5135135054588318
cut0036_ptm0.723_r3	ESM-2 (Unsupervised)	0.7344974875450134	0.6402116417884827	0.7553191781044006	0.8108108043670654	0.46964913606643677	0.24867725372314453	0.40425533056259155	0.7837837934494019	0.5700768232345581	0.33862432837486267	0.5106382966041565	0.8648648858070374	0.4873947501182556	0.30687829852104187	0.4893617033958435	0.5945945978164673
cut0037_ptm0.725_r3	ESM-2 (Unsupervised)	0.739075243473053	0.6455026268959045	0.7340425252914429	0.8108108043670654	0.46241578459739685	0.2380952388048172	0.39361703395843506	0.7837837934494019	0.5788248181343079	0.34391534328460693	0.521276593208313	0.8918918967247009	0.4553237557411194	0.2857142984867096	0.457446813583374	0.5405405163764954
cut0038_ptm0.727_r3	ESM-2 (Unsupervised)	0.7456684112548828	0.6455026268959045	0.7553191781044006	0.8108108043670654	0.47026705741882324	0.24338623881340027	0.40425533056259155	0.8108108043670654	0.5796033143997192	0.34391534328460693	0.521276593208313	0.8648648858070374	0.4684695303440094	0.29100528359413147	0.478723406791687	0.5675675868988037
cut0039_ptm0.706_r3	ESM-2 (Unsupervised)	0.7529290318489075	0.6719576716423035	0.7553191781044006	0.8108108043670654	0.4760449528694153	0.24338623881340027	0.40425533056259155	0.8108108043670654	0.577142059803009	0.33862432837486267	0.5106382966041565	0.8918918967247009	0.5205921530723572	0.3333333432674408	0.5531914830207825	0.5945945978164673
cut0040_ptm0.732_r3	ESM-2 (Unsupervised)	0.7299419641494751	0.6349206566810608	0.7234042286872864	0.7837837934494019	0.47645798325538635	0.24338623881340027	0.41489362716674805	0.8108108043670654	0.5841142535209656	0.34391534328460693	0.5106382966041565	0.9189189076423645	0.4518589973449707	0.30687829852104187	0.4893617033958435	0.5135135054588318
cut0041_ptm0.718_r3	ESM-2 (Unsupervised)	0.7462854981422424	0.6455026268959045	0.7340425252914429	0.8108108043670654	0.4718804359436035	0.2380952388048172	0.41489362716674805	0.7837837934494019	0.5828954577445984	0.34391534328460693	0.5106382966041565	0.9189189076423645	0.4586341977119446	0.29100528359413147	0.5	0.5675675868988037
cut0042_ptm0.724_r3	ESM-2 (Unsupervised)	0.732071042060852	0.6296296119689941	0.7127659320831299	0.837837815284729	0.47674116492271423	0.24867725372314453	0.41489362716674805	0.7837837934494019	0.5828632712364197	0.33862432837486267	0.521276593208313	0.9189189076423645	0.463346004486084	0.30158731341362	0.478723406791687	0.5945945978164673
cut0043_ptm0.714_r3	ESM-2 (Unsupervised)	0.72515869140625	0.6402116417884827	0.7127659320831299	0.8108108043670654	0.4754513204097748	0.24867725372314453	0.40425533056259155	0.7837837934494019	0.5831695199012756	0.33862432837486267	0.5319148898124695	0.9189189076423645	0.4550715386867523	0.30158731341362	0.478723406791687	0.5675675868988037
cut0044_ptm0.702_r3	ESM-2 (Unsupervised)	0.720987856388092	0.6137565970420837	0.7127659320831299	0.8108108043670654	0.4784018397331238	0.2539682686328888	0.43617022037506104	0.7837837934494019	0.5838913917541504	0.33862432837486267	0.521276593208313	0.9189189076423645	0.4606643617153168	0.30687829852104187	0.4893617033958435	0.5675675868988037
cut0045_ptm0.704_r3	ESM-2 (Unsupervised)	0.7019263505935669	0.6137565970420837	0.6914893388748169	0.8108108043670654	0.46625423431396484	0.24338623881340027	0.41489362716674805	0.7837837934494019	0.5834593772888184	0.3492063581943512	0.5319148898124695	0.8918918967247009	0.4388936161994934	0.28042328357696533	0.457446813583374	0.5675675868988037
cut0046_ptm0.712_r3	ESM-2 (Unsupervised)	0.7040356397628784	0.6084656119346619	0.6914893388748169	0.7837837934494019	0.4774538576602936	0.24867725372314453	0.43617022037506104	0.7837837934494019	0.5884231328964233	0.3492063581943512	0.542553186416626	0.9189189076423645	0.4564560353755951	0.2857142984867096	0.4680851101875305	0.5945945978164673
cut0047_ptm0.786_r3	ESM-2 (Unsupervised)	0.708182156085968	0.6137565970420837	0.6808510422706604	0.8108108043670654	0.4836386740207672	0.2539682686328888	0.44680851697921753	0.7837837934494019	0.602756142616272	0.35449734330177307	0.5531914830207825	0.9459459185600281	0.450197696685791	0.2857142984867096	0.4680851101875305	0.5675675868988037
cut0048_ptm0.692_r3	ESM-2 (Unsupervised)	0.6977793574333191	0.60317462682724	0.6595744490623474	0.8108108043670654	0.4937325119972229	0.27513226866722107	0.43617022037506104	0.7837837934494019	0.5799190402030945	0.35449734330177307	0.5319148898124695	0.8918918967247009	0.43992263078689575	0.29100528359413147	0.478723406791687	0.5675675868988037
cut0049_ptm0.687_r3	ESM-2 (Unsupervised)	0.682637631893158	0.5820105671882629	0.6595744490623474	0.8108108043670654	0.46827396750450134	0.2539682686328888	0.39361703395843506	0.7837837934494019	0.5847299695014954	0.35449734330177307	0.521276593208313	0.9189189076423645	0.43168559670448303	0.30158731341362	0.43617022037506104	0.5135135054588318
cut0050_ptm0.678_r3	ESM-2 (Unsupervised)	0.6970231533050537	0.6084656119346619	0.6702127456665039	0.8108108043670654	0.47610363364219666	0.2539682686328888	0.42553192377090454	0.7837837934494019	0.5913892984390259	0.3650793731212616	0.563829779624939	0.9189189076423645	0.4121798574924469	0.28042328357696533	0.41489362716674805	0.4864864945411682
cut0051_ptm0.655_r3	ESM-2 (Unsupervised)	0.7158672213554382	0.6243386268615723	0.6914893388748169	0.8108108043670654	0.4655810296535492	0.24867725372314453	0.40425533056259155	0.7297297120094299	0.583666205406189	0.32804232835769653	0.542553186416626	0.9189189076423645	0.42856502532958984	0.28042328357696533	0.42553192377090454	0.5405405163764954
cut0052_ptm0.674_r3	ESM-2 (Unsupervised)	0.6968240737915039	0.5978835821151733	0.6702127456665039	0.8108108043670654	0.48328351974487305	0.25925925374031067	0.44680851697921753	0.7837837934494019	0.5863969326019287	0.35978835821151733	0.5319148898124695	0.9189189076423645	0.4239020347595215	0.28042328357696533	0.43617022037506104	0.5405405163764954
cut0053_ptm0.650_r3	ESM-2 (Unsupervised)	0.719228982925415	0.6613756418228149	0.6702127456665039	0.7837837934494019	0.46446776390075684	0.25925925374031067	0.39361703395843506	0.7297297120094299	0.5856475234031677	0.3333333432674408	0.542553186416626	0.9459459185600281	0.4280802607536316	0.28042328357696533	0.42553192377090454	0.5405405163764954
cut0054_ptm0.651_r3	ESM-2 (Unsupervised)	0.7011150121688843	0.6190476417541504	0.6489361524581909	0.8108108043670654	0.474731981754303	0.26455026865005493	0.42553192377090454	0.7297297120094299	0.5846379995346069	0.34391534328460693	0.5319148898124695	0.9189189076423645	0.4301929473876953	0.2698412835597992	0.43617022037506104	0.5675675868988037
cut0055_ptm0.639_r3	ESM-2 (Unsupervised)	0.7011278867721558	0.6084656119346619	0.6595744490623474	0.7837837934494019	0.45607033371925354	0.24338623881340027	0.39361703395843506	0.7297297120094299	0.5909122228622437	0.3492063581943512	0.542553186416626	0.9459459185600281	0.4356864392757416	0.27513226866722107	0.44680851697921753	0.5675675868988037
cut0056_ptm0.599_r3	ESM-2 (Unsupervised)	0.69875568151474	0.6243386268615723	0.6595744490623474	0.7837837934494019	0.462968647480011	0.2380952388048172	0.40425533056259155	0.7027027010917664	0.5953053832054138	0.3650793731212616	0.542553186416626	0.9729729890823364	0.435640811920166	0.29629629850387573	0.43617022037506104	0.5405405163764954
cut0057_ptm0.604_r3	ESM-2 (Unsupervised)	0.7134420275688171	0.6243386268615723	0.6489361524581909	0.837837815284729	0.4883400499820709	0.26455026865005493	0.42553192377090454	0.7567567825317383	0.6192172169685364	0.39153438806533813	0.5744680762290955	0.9459459185600281	0.405662477016449	0.2539682686328888	0.40425533056259155	0.5135135054588318
cut0058_ptm0.616_r3	ESM-2 (Unsupervised)	0.722023606300354	0.6455026268959045	0.6702127456665039	0.837837815284729	0.48540395498275757	0.26455026865005493	0.43617022037506104	0.7567567825317383	0.5973120927810669	0.37566137313842773	0.5319148898124695	0.9459459185600281	0.4056743085384369	0.2539682686328888	0.40425533056259155	0.5135135054588318
cut0059_ptm0.603_r3	ESM-2 (Unsupervised)	0.6873669028282166	0.6190476417541504	0.6595744490623474	0.7567567825317383	0.47452354431152344	0.24338623881340027	0.43617022037506104	0.7567567825317383	0.6135280132293701	0.37566137313842773	0.5531914830207825	1.0	0.3751657009124756	0.2222222238779068	0.39361703395843506	0.4864864945411682
cut0060_ptm0.576_r3	ESM-2 (Unsupervised)	0.7005778551101685	0.6190476417541504	0.6595744490623474	0.8108108043670654	0.47407764196395874	0.2380952388048172	0.42553192377090454	0.7837837934494019	0.5951308608055115	0.3650793731212616	0.521276593208313	0.9729729890823364	0.36816948652267456	0.22751322388648987	0.3723404109477997	0.4864864945411682
cut0061_ptm0.649_r3	ESM-2 (Unsupervised)	0.7149717807769775	0.6402116417884827	0.7127659320831299	0.8108108043670654	0.4873684048652649	0.2539682686328888	0.44680851697921753	0.7837837934494019	0.5995187759399414	0.3650793731212616	0.542553186416626	0.9729729890823364	0.392691433429718	0.22751322388648987	0.38297873735427856	0.5135135054588318
cut0062_ptm0.616_r3	ESM-2 (Unsupervised)	0.7154350280761719	0.6402116417884827	0.6808510422706604	0.8108108043670654	0.479951947927475	0.2539682686328888	0.43617022037506104	0.7567567825317383	0.5974502563476562	0.35978835821151733	0.5319148898124695	0.9459459185600281	0.38251349329948425	0.23280423879623413	0.3723404109477997	0.5135135054588318
cut0063_ptm0.586_r3	ESM-2 (Unsupervised)	0.7242444157600403	0.6613756418228149	0.6808510422706604	0.7837837934494019	0.46702075004577637	0.24867725372314453	0.41489362716674805	0.7297297120094299	0.5721496343612671	0.33862432837486267	0.5106382966041565	0.9189189076423645	0.3552563786506653	0.21164020895957947	0.3510638177394867	0.4864864945411682
cut0064_ptm0.628_r3	ESM-2 (Unsupervised)	0.7507413029670715	0.6878306865692139	0.7340425252914429	0.837837815284729	0.4623478055000305	0.24338623881340027	0.41489362716674805	0.7297297120094299	0.5793383717536926	0.3492063581943512	0.5106382966041565	0.9459459185600281	0.34986498951911926	0.2063492089509964	0.3404255211353302	0.4864864945411682
cut0065_ptm0.534_r3	ESM-2 (Unsupervised)	0.7157769799232483	0.6560846567153931	0.6702127456665039	0.8108108043670654	0.47987255454063416	0.25925925374031067	0.43617022037506104	0.7297297120094299	0.5790320038795471	0.34391534328460693	0.5106382966041565	0.9459459185600281	0.3410089612007141	0.19576719403266907	0.3404255211353302	0.45945945382118225
cut0066_ptm0.519_r3	ESM-2 (Unsupervised)	0.715844452381134	0.6560846567153931	0.6808510422706604	0.837837815284729	0.4646836221218109	0.24867725372314453	0.41489362716674805	0.7027027010917664	0.5725858211517334	0.33862432837486267	0.5106382966041565	0.9189189076423645	0.31387102603912354	0.1746031790971756	0.3085106313228607	0.45945945382118225
cut0067_ptm0.541_r3	ESM-2 (Unsupervised)	0.7511225342750549	0.6719576716423035	0.7446808218955994	0.8108108043670654	0.4575309753417969	0.24338623881340027	0.40425533056259155	0.7027027010917664	0.5738288760185242	0.33862432837486267	0.5319148898124695	0.9189189076423645	0.3255614638328552	0.18518517911434174	0.3085106313228607	0.4864864945411682
cut0068_ptm0.716_r3	ESM-2 (Unsupervised)	0.7351659536361694	0.6243386268615723	0.7127659320831299	0.8648648858070374	0.44717493653297424	0.23280423879623413	0.39361703395843506	0.7027027010917664	0.5640279650688171	0.32804232835769653	0.521276593208313	0.9459459185600281	0.30662643909454346	0.18518517911434174	0.28723403811454773	0.4324324429035187
cut0069_ptm0.610_r3	ESM-2 (Unsupervised)	0.77809739112854	0.7142857313156128	0.7553191781044006	0.8648648858070374	0.450946569442749	0.22751322388648987	0.39361703395843506	0.7027027010917664	0.5884584188461304	0.3492063581943512	0.5319148898124695	0.9459459185600281	0.3153172433376312	0.18518517911434174	0.28723403811454773	0.45945945382118225
cut0070_ptm0.632_r3	ESM-2 (Unsupervised)	0.7378697991371155	0.6772486567497253	0.7446808218955994	0.7837837934494019	0.44957366585731506	0.2380952388048172	0.41489362716674805	0.6756756901741028	0.5842440724372864	0.34391534328460693	0.542553186416626	0.9189189076423645	0.30675792694091797	0.16931216418743134	0.28723403811454773	0.45945945382118225
cut0071_ptm0.578_r3	ESM-2 (Unsupervised)	0.6959313750267029	0.5978835821151733	0.6595744490623474	0.8108108043670654	0.4842781126499176	0.2698412835597992	0.44680851697921753	0.7297297120094299	0.554049551486969	0.31216931343078613	0.5	0.9189189076423645	0.3349207937717438	0.18518517911434174	0.3085106313228607	0.4864864945411682
cut0072_ptm0.574_r3	ESM-2 (Unsupervised)	0.6994764804840088	0.6190476417541504	0.6382978558540344	0.8108108043670654	0.4958627223968506	0.25925925374031067	0.457446813583374	0.7567567825317383	0.5809746980667114	0.3333333432674408	0.542553186416626	0.9459459185600281	0.3423946499824524	0.18518517911434174	0.3191489279270172	0.5135135054588318
cut0073_ptm0.622_r3	ESM-2 (Unsupervised)	0.7084983587265015	0.6084656119346619	0.6489361524581909	0.837837815284729	0.4751543402671814	0.2539682686328888	0.43617022037506104	0.7297297120094299	0.5645029544830322	0.3174603283405304	0.521276593208313	0.9459459185600281	0.33602482080459595	0.18518517911434174	0.3191489279270172	0.5135135054588318
cut0074_ptm0.673_r3	ESM-2 (Unsupervised)	0.6966420412063599	0.6243386268615723	0.6170212626457214	0.837837815284729	0.4714171290397644	0.24867725372314453	0.43617022037506104	0.7027027010917664	0.5659647583961487	0.3174603283405304	0.521276593208313	0.9459459185600281	0.2866106629371643	0.1746031790971756	0.2978723347187042	0.37837839126586914
cut0075_ptm0.560_r3	ESM-2 (Unsupervised)	0.7295286059379578	0.6719576716423035	0.6702127456665039	0.837837815284729	0.4253206253051758	0.21164020895957947	0.38297873735427856	0.5945945978164673	0.5803440809249878	0.3174603283405304	0.542553186416626	0.9459459185600281	0.25948917865753174	0.1587301641702652	0.26595744490623474	0.29729729890823364
cut0076_ptm0.688_r3	ESM-2 (Unsupervised)	0.6459182500839233	0.5978835821151733	0.5744680762290955	0.7297297120094299	0.4590397775173187	0.2380952388048172	0.41489362716674805	0.6486486196517944	0.5671521425247192	0.31216931343078613	0.521276593208313	0.9459459185600281	0.28100576996803284	0.1746031790971756	0.25531914830207825	0.37837839126586914
cut0077_ptm0.682_r3	ESM-2 (Unsupervised)	0.6576009392738342	0.5873016119003296	0.563829779624939	0.7837837934494019	0.45829468965530396	0.2380952388048172	0.41489362716674805	0.6486486196517944	0.5694094896316528	0.31216931343078613	0.5319148898124695	0.9459459185600281	0.2919556796550751	0.1746031790971756	0.27659574151039124	0.37837839126586914
cut0078_ptm0.679_r3	ESM-2 (Unsupervised)	0.6478564739227295	0.5873016119003296	0.5744680762290955	0.7297297120094299	0.4616636633872986	0.2380952388048172	0.41489362716674805	0.6756756901741028	0.5695493221282959	0.31216931343078613	0.5319148898124695	0.9459459185600281	0.25949767231941223	0.1587301641702652	0.23404255509376526	0.3243243098258972
cut0079_ptm0.683_r3	ESM-2 (Unsupervised)	0.6548938751220703	0.5925925970077515	0.585106372833252	0.7567567825317383	0.47354236245155334	0.2539682686328888	0.43617022037506104	0.7027027010917664	0.5677486658096313	0.3174603283405304	0.4893617033958435	0.9459459185600281	0.272712767124176	0.18518517911434174	0.24468085169792175	0.3243243098258972
cut0080_ptm0.657_r3	ESM-2 (Unsupervised)	0.7008291482925415	0.6137565970420837	0.6914893388748169	0.7567567825317383	0.5035333633422852	0.2698412835597992	0.478723406791687	0.7567567825317383	0.5561800003051758	0.30158731341362	0.478723406791687	0.9459459185600281	0.27688688039779663	0.16931216418743134	0.23404255509376526	0.4054054021835327
cut0081_ptm0.619_r3	ESM-2 (Unsupervised)	0.6987813711166382	0.6349206566810608	0.7021276354789734	0.7567567825317383	0.5061213374137878	0.27513226866722107	0.478723406791687	0.7297297120094299	0.572128176689148	0.31216931343078613	0.4893617033958435	0.9729729890823364	0.261033296585083	0.16931216418743134	0.22340425848960876	0.37837839126586914
cut0082_ptm0.588_r3	ESM-2 (Unsupervised)	0.7139688730239868	0.6455026268959045	0.7340425252914429	0.7567567825317383	0.521240770816803	0.2857142984867096	0.5	0.7567567825317383	0.5778340697288513	0.32275131344795227	0.5319148898124695	0.9189189076423645	0.22465205192565918	0.14814814925193787	0.1808510571718216	0.3243243098258972
cut0083_ptm0.559_r3	ESM-2 (Unsupervised)	0.7074801921844482	0.6296296119689941	0.7234042286872864	0.7567567825317383	0.5237019062042236	0.2857142984867096	0.521276593208313	0.7297297120094299	0.6109262704849243	0.3492063581943512	0.5744680762290955	0.9729729890823364	0.26090875267982483	0.16402116417884827	0.21276596188545227	0.37837839126586914
cut0084_ptm0.577_r3	ESM-2 (Unsupervised)	0.7170193195343018	0.6402116417884827	0.7021276354789734	0.7567567825317383	0.5190708041191101	0.29100528359413147	0.5	0.7297297120094299	0.6176727414131165	0.3492063581943512	0.563829779624939	0.9729729890823364	0.25225502252578735	0.1587301641702652	0.22340425848960876	0.37837839126586914
cut0085_ptm0.622_r3	ESM-2 (Unsupervised)	0.7094559073448181	0.6349206566810608	0.7127659320831299	0.7567567825317383	0.5227245092391968	0.29629629850387573	0.5106382966041565	0.7567567825317383	0.596917450428009	0.33862432837486267	0.542553186416626	0.9189189076423645	0.25978198647499084	0.16402116417884827	0.25531914830207825	0.3513513505458832
cut0086_ptm0.571_r3	ESM-2 (Unsupervised)	0.7187417149543762	0.60317462682724	0.7127659320831299	0.7567567825317383	0.540805995464325	0.30158731341362	0.5106382966041565	0.8108108043670654	0.6168816685676575	0.3650793731212616	0.5744680762290955	0.8918918967247009	0.27265873551368713	0.15343914926052094	0.24468085169792175	0.4324324429035187
cut0087_ptm0.588_r3	ESM-2 (Unsupervised)	0.7047483921051025	0.6084656119346619	0.7021276354789734	0.7837837934494019	0.5399590730667114	0.30687829852104187	0.521276593208313	0.7837837934494019	0.6246109008789062	0.3650793731212616	0.585106372833252	0.9459459185600281	0.28791290521621704	0.14814814925193787	0.24468085169792175	0.45945945382118225
cut0088_ptm0.582_r3	ESM-2 (Unsupervised)	0.7294216752052307	0.6137565970420837	0.7234042286872864	0.8108108043670654	0.5396593809127808	0.30158731341362	0.5	0.8108108043670654	0.6109185814857483	0.3650793731212616	0.563829779624939	0.9729729890823364	0.28280359506607056	0.15343914926052094	0.25531914830207825	0.4324324429035187
cut0089_ptm0.682_r3	ESM-2 (Unsupervised)	0.7163918018341064	0.6137565970420837	0.7127659320831299	0.7837837934494019	0.5257428884506226	0.29100528359413147	0.5	0.7837837934494019	0.6121009588241577	0.3650793731212616	0.563829779624939	0.9459459185600281	0.26648908853530884	0.13756613433361053	0.22340425848960876	0.45945945382118225
cut0090_ptm0.625_r3	ESM-2 (Unsupervised)	0.7317718267440796	0.6190476417541504	0.7127659320831299	0.8108108043670654	0.5252903699874878	0.2857142984867096	0.5106382966041565	0.7837837934494019	0.5872874855995178	0.3492063581943512	0.521276593208313	0.9189189076423645	0.30138570070266724	0.1587301641702652	0.27659574151039124	0.45945945382118225
cut0091_ptm0.644_r3	ESM-2 (Unsupervised)	0.7404742240905762	0.6455026268959045	0.7127659320831299	0.8108108043670654	0.5480474233627319	0.29629629850387573	0.521276593208313	0.837837815284729	0.6185066103935242	0.37037035822868347	0.585106372833252	0.9189189076423645	0.33538249135017395	0.1746031790971756	0.3191489279270172	0.4864864945411682
cut0092_ptm0.607_r3	ESM-2 (Unsupervised)	0.7194529175758362	0.6190476417541504	0.6808510422706604	0.8108108043670654	0.5272072553634644	0.29100528359413147	0.5106382966041565	0.7567567825317383	0.6060331463813782	0.35978835821151733	0.563829779624939	0.9189189076423645	0.3075457215309143	0.1746031790971756	0.28723403811454773	0.4864864945411682
cut0093_ptm0.601_r3	ESM-2 (Unsupervised)	0.7306293249130249	0.6402116417884827	0.7234042286872864	0.8108108043670654	0.5452612638473511	0.29629629850387573	0.5106382966041565	0.8108108043670654	0.6172794699668884	0.35978835821151733	0.585106372833252	0.9189189076423645	0.31399253010749817	0.1746031790971756	0.27659574151039124	0.4864864945411682
cut0094_ptm0.614_r3	ESM-2 (Unsupervised)	0.7237752676010132	0.6349206566810608	0.7340425252914429	0.8108108043670654	0.5439617037773132	0.29100528359413147	0.521276593208313	0.7837837934494019	0.6209504008293152	0.3650793731212616	0.5744680762290955	0.9459459185600281	0.3245808184146881	0.18518517911434174	0.2978723347187042	0.4864864945411682
cut0095_ptm0.609_r3	ESM-2 (Unsupervised)	0.7295494079589844	0.6455026268959045	0.7021276354789734	0.8108108043670654	0.5479551553726196	0.29629629850387573	0.521276593208313	0.8108108043670654	0.6207722425460815	0.3650793731212616	0.585106372833252	0.9189189076423645	0.3739108443260193	0.2063492089509964	0.3723404109477997	0.5405405163764954
cut0096_ptm0.605_r3	ESM-2 (Unsupervised)	0.7260531187057495	0.6349206566810608	0.7127659320831299	0.8108108043670654	0.5543824434280396	0.30158731341362	0.5319148898124695	0.8108108043670654	0.6216593980789185	0.35978835821151733	0.585106372833252	0.9189189076423645	0.354816734790802	0.2063492089509964	0.3404255211353302	0.4864864945411682
cut0097_ptm0.595_r3	ESM-2 (Unsupervised)	0.7237904071807861	0.6349206566810608	0.7234042286872864	0.7837837934494019	0.5532378554344177	0.29629629850387573	0.542553186416626	0.837837815284729	0.6202353835105896	0.35978835821151733	0.6063829660415649	0.9189189076423645	0.3460487723350525	0.19576719403266907	0.3297872245311737	0.45945945382118225
cut0098_ptm0.578_r3	ESM-2 (Unsupervised)	0.7039850950241089	0.6190476417541504	0.7234042286872864	0.7567567825317383	0.552196741104126	0.29100528359413147	0.5531914830207825	0.837837815284729	0.6197550892829895	0.35978835821151733	0.5744680762290955	0.9459459185600281	0.3404393792152405	0.21164020895957947	0.3085106313228607	0.45945945382118225
cut0099_ptm0.581_r3	ESM-2 (Unsupervised)	0.6999779939651489	0.6402116417884827	0.6808510422706604	0.7567567825317383	0.5514212846755981	0.29629629850387573	0.521276593208313	0.8648648858070374	0.6209825277328491	0.3650793731212616	0.563829779624939	0.9189189076423645	0.33418017625808716	0.2063492089509964	0.3085106313228607	0.4864864945411682
cut0100_ptm0.605_r3	ESM-2 (Unsupervised)	0.7233425378799438	0.6613756418228149	0.7127659320831299	0.7837837934494019	0.5433403253555298	0.29629629850387573	0.5319148898124695	0.7837837934494019	0.6126100420951843	0.3650793731212616	0.5744680762290955	0.9189189076423645	0.3683883547782898	0.2063492089509964	0.3297872245311737	0.5405405163764954
cut0101_ptm0.592_r3	ESM-2 (Unsupervised)	0.7175260186195374	0.6613756418228149	0.7021276354789734	0.7837837934494019	0.5410255193710327	0.29100528359413147	0.5319148898124695	0.7837837934494019	0.6166225671768188	0.3650793731212616	0.5744680762290955	0.9189189076423645	0.36155378818511963	0.20105819404125214	0.3085106313228607	0.5405405163764954
cut0102_ptm0.613_r3	ESM-2 (Unsupervised)	0.7103970646858215	0.6455026268959045	0.7021276354789734	0.7567567825317383	0.5447626709938049	0.29100528359413147	0.521276593208313	0.8108108043670654	0.6171488761901855	0.3650793731212616	0.5744680762290955	0.9189189076423645	0.33400940895080566	0.190476194024086	0.28723403811454773	0.5135135054588318
cut0103_ptm0.611_r3	ESM-2 (Unsupervised)	0.7195940017700195	0.6613756418228149	0.7127659320831299	0.7837837934494019	0.5617302656173706	0.30687829852104187	0.5531914830207825	0.837837815284729	0.6154902577400208	0.3650793731212616	0.585106372833252	0.8918918967247009	0.3605397939682007	0.2063492089509964	0.3191489279270172	0.5405405163764954
cut0104_ptm0.613_r3	ESM-2 (Unsupervised)	0.71896892786026	0.6560846567153931	0.7021276354789734	0.7837837934494019	0.5588681101799011	0.30687829852104187	0.542553186416626	0.837837815284729	0.6163751482963562	0.3650793731212616	0.585106372833252	0.8918918967247009	0.3247237503528595	0.190476194024086	0.2978723347187042	0.4864864945411682
cut0105_ptm0.602_r3	ESM-2 (Unsupervised)	0.7249199151992798	0.6613756418228149	0.7127659320831299	0.7837837934494019	0.5469218492507935	0.30158731341362	0.5319148898124695	0.8108108043670654	0.6046212911605835	0.35449734330177307	0.5957446694374084	0.8648648858070374	0.3006967008113861	0.17989417910575867	0.26595744490623474	0.45945945382118225
cut0106_ptm0.603_r3	ESM-2 (Unsupervised)	0.7254297137260437	0.6560846567153931	0.7127659320831299	0.8108108043670654	0.5444562435150146	0.2857142984867096	0.521276593208313	0.8108108043670654	0.5964129567146301	0.34391534328460693	0.5744680762290955	0.8918918967247009	0.28955167531967163	0.16402116417884827	0.24468085169792175	0.4324324429035187
cut0107_ptm0.629_r3	ESM-2 (Unsupervised)	0.7119917869567871	0.6455026268959045	0.7021276354789734	0.7837837934494019	0.5431188941001892	0.2857142984867096	0.521276593208313	0.8108108043670654	0.5895920991897583	0.33862432837486267	0.5531914830207825	0.8648648858070374	0.3025800585746765	0.20105819404125214	0.25531914830207825	0.4324324429035187
cut0108_ptm0.652_r3	ESM-2 (Unsupervised)	0.6907293796539307	0.6349206566810608	0.6595744490623474	0.7567567825317383	0.4848176836967468	0.28042328357696533	0.4680851101875305	0.7027027010917664	0.5219359397888184	0.29100528359413147	0.478723406791687	0.7837837934494019	0.3240240216255188	0.19576719403266907	0.25531914830207825	0.4864864945411682
cut0109_ptm0.648_r3	ESM-2 (Unsupervised)	0.7111542224884033	0.6402116417884827	0.6702127456665039	0.8108108043670654	0.5633443593978882	0.30687829852104187	0.542553186416626	0.837837815284729	0.5253440141677856	0.30687829852104187	0.4893617033958435	0.7567567825317383	0.33822762966156006	0.190476194024086	0.2978723347187042	0.5405405163764954
cut0110_ptm0.647_r3	ESM-2 (Unsupervised)	0.7136406898498535	0.6296296119689941	0.6808510422706604	0.8108108043670654	0.5505150556564331	0.29100528359413147	0.542553186416626	0.8108108043670654	0.49137482047080994	0.29629629850387573	0.44680851697921753	0.7297297120094299	0.3295035660266876	0.18518517911434174	0.27659574151039124	0.4864864945411682
cut0111_ptm0.643_r3	ESM-2 (Unsupervised)	0.704807460308075	0.6190476417541504	0.6808510422706604	0.7837837934494019	0.5511704683303833	0.29629629850387573	0.521276593208313	0.837837815284729	0.5126093626022339	0.29100528359413147	0.4680851101875305	0.7837837934494019	0.29146918654441833	0.16931216418743134	0.21276596188545227	0.4324324429035187
cut0112_ptm0.642_r3	ESM-2 (Unsupervised)	0.6841496825218201	0.6190476417541504	0.6595744490623474	0.7837837934494019	0.48174411058425903	0.25925925374031067	0.478723406791687	0.7297297120094299	0.5067310333251953	0.28042328357696533	0.457446813583374	0.7567567825317383	0.28613248467445374	0.17989417910575867	0.21276596188545227	0.4324324429035187
cut0113_ptm0.661_r3	ESM-2 (Unsupervised)	0.7005788087844849	0.6296296119689941	0.6914893388748169	0.8108108043670654	0.4941491484642029	0.25925925374031067	0.4893617033958435	0.7297297120094299	0.5125466585159302	0.2857142984867096	0.457446813583374	0.7837837934494019	0.28018903732299805	0.16402116417884827	0.21276596188545227	0.4054054021835327
cut0114_ptm0.651_r3	ESM-2 (Unsupervised)	0.6857441067695618	0.6243386268615723	0.6808510422706604	0.7837837934494019	0.4721604287624359	0.24867725372314453	0.457446813583374	0.7027027010917664	0.509677529335022	0.2857142984867096	0.457446813583374	0.7837837934494019	0.3060835301876068	0.1746031790971756	0.23404255509376526	0.45945945382118225
cut0115_ptm0.641_r3	ESM-2 (Unsupervised)	0.6836212873458862	0.6137565970420837	0.6702127456665039	0.7837837934494019	0.48714232444763184	0.2539682686328888	0.478723406791687	0.7027027010917664	0.5126087665557861	0.28042328357696533	0.457446813583374	0.8108108043670654	0.30771970748901367	0.1746031790971756	0.26595744490623474	0.4324324429035187
cut0116_ptm0.616_r3	ESM-2 (Unsupervised)	0.6752300262451172	0.6243386268615723	0.6595744490623474	0.7567567825317383	0.4930034279823303	0.2539682686328888	0.4680851101875305	0.7297297120094299	0.5142840147018433	0.28042328357696533	0.478723406791687	0.8108108043670654	0.29640883207321167	0.16402116417884827	0.26595744490623474	0.4054054021835327
cut0117_ptm0.615_r3	ESM-2 (Unsupervised)	0.6908503770828247	0.6190476417541504	0.6702127456665039	0.7837837934494019	0.4944961667060852	0.2539682686328888	0.4680851101875305	0.7567567825317383	0.5150088667869568	0.28042328357696533	0.457446813583374	0.8108108043670654	0.29184597730636597	0.1746031790971756	0.25531914830207825	0.4054054021835327
cut0118_ptm0.618_r3	ESM-2 (Unsupervised)	0.7110810279846191	0.6296296119689941	0.7127659320831299	0.7837837934494019	0.4982345998287201	0.26455026865005493	0.478723406791687	0.7567567825317383	0.5162593722343445	0.28042328357696533	0.457446813583374	0.8108108043670654	0.309158056974411	0.1746031790971756	0.25531914830207825	0.45945945382118225
cut0119_ptm0.619_r3	ESM-2 (Unsupervised)	0.7056888937950134	0.6296296119689941	0.7127659320831299	0.7567567825317383	0.4922493100166321	0.25925925374031067	0.4893617033958435	0.7027027010917664	0.5056635141372681	0.28042328357696533	0.457446813583374	0.7837837934494019	0.30982089042663574	0.18518517911434174	0.26595744490623474	0.4864864945411682
cut0120_ptm0.644_r3	ESM-2 (Unsupervised)	0.691295325756073	0.6190476417541504	0.6914893388748169	0.8108108043670654	0.48196372389793396	0.2539682686328888	0.44680851697921753	0.7027027010917664	0.49354514479637146	0.26455026865005493	0.4680851101875305	0.7567567825317383	0.31515175104141235	0.17989417910575867	0.27659574151039124	0.5405405163764954
cut0121_ptm0.644_r3	ESM-2 (Unsupervised)	0.7151172161102295	0.6507936716079712	0.7021276354789734	0.8108108043670654	0.5024042725563049	0.26455026865005493	0.478723406791687	0.7567567825317383	0.4688502252101898	0.24867725372314453	0.42553192377090454	0.6756756901741028	0.37958836555480957	0.24338623881340027	0.3404255211353302	0.5945945978164673
cut0122_ptm0.621_r3	ESM-2 (Unsupervised)	0.7078573107719421	0.6190476417541504	0.7021276354789734	0.8108108043670654	0.5139669179916382	0.27513226866722107	0.4893617033958435	0.7297297120094299	0.4287552237510681	0.21693122386932373	0.3617021143436432	0.6486486196517944	0.33698081970214844	0.190476194024086	0.28723403811454773	0.5405405163764954
cut0123_ptm0.661_r3	ESM-2 (Unsupervised)	0.7128250598907471	0.60317462682724	0.6914893388748169	0.8918918967247009	0.520896315574646	0.27513226866722107	0.5106382966041565	0.7567567825317383	0.4060615599155426	0.2063492089509964	0.3617021143436432	0.6216216087341309	0.3207545578479767	0.19576719403266907	0.28723403811454773	0.4864864945411682
cut0124_ptm0.655_r3	ESM-2 (Unsupervised)	0.7294151782989502	0.6190476417541504	0.7127659320831299	0.8918918967247009	0.5057987570762634	0.2698412835597992	0.5	0.7567567825317383	0.38667386770248413	0.20105819404125214	0.3510638177394867	0.5405405163764954	0.3621804118156433	0.2222222238779068	0.3297872245311737	0.5675675868988037
cut0125_ptm0.646_r3	ESM-2 (Unsupervised)	0.7134800553321838	0.6084656119346619	0.6808510422706604	0.8648648858070374	0.5152033567428589	0.2698412835597992	0.4893617033958435	0.7567567825317383	0.40529006719589233	0.21164020895957947	0.3617021143436432	0.6216216087341309	0.3555871546268463	0.20105819404125214	0.3191489279270172	0.5675675868988037
cut0126_ptm0.690_r3	ESM-2 (Unsupervised)	0.7023209929466248	0.6084656119346619	0.6595744490623474	0.837837815284729	0.48597055673599243	0.24867725372314453	0.478723406791687	0.7297297120094299	0.41748493909835815	0.22751322388648987	0.3723404109477997	0.5945945978164673	0.30880385637283325	0.18518517911434174	0.25531914830207825	0.45945945382118225
cut0127_ptm0.632_r3	ESM-2 (Unsupervised)	0.6694122552871704	0.5925925970077515	0.6489361524581909	0.7837837934494019	0.4255048632621765	0.22751322388648987	0.41489362716674805	0.6216216087341309	0.47336283326148987	0.25925925374031067	0.457446813583374	0.7027027010917664	0.36811837553977966	0.20105819404125214	0.3510638177394867	0.5405405163764954
cut0128_ptm0.642_r3	ESM-2 (Unsupervised)	0.681287407875061	0.6190476417541504	0.6808510422706604	0.7297297120094299	0.4419128894805908	0.23280423879623413	0.43617022037506104	0.6486486196517944	0.4981955885887146	0.28042328357696533	0.4680851101875305	0.7297297120094299	0.37550243735313416	0.20105819404125214	0.3297872245311737	0.5945945978164673
cut0129_ptm0.697_r3	ESM-2 (Unsupervised)	0.6799824833869934	0.6137565970420837	0.6595744490623474	0.7837837934494019	0.43591633439064026	0.2222222238779068	0.41489362716674805	0.6486486196517944	0.5156089663505554	0.2857142984867096	0.478723406791687	0.7837837934494019	0.32336580753326416	0.190476194024086	0.3085106313228607	0.4324324429035187
cut0130_ptm0.690_r3	ESM-2 (Unsupervised)	0.6756728887557983	0.6296296119689941	0.6702127456665039	0.7297297120094299	0.44954395294189453	0.2222222238779068	0.41489362716674805	0.7027027010917664	0.5294893383979797	0.28042328357696533	0.5106382966041565	0.7837837934494019	0.3684399724006653	0.22751322388648987	0.3510638177394867	0.5135135054588318
cut0131_ptm0.680_r3	ESM-2 (Unsupervised)	0.6672600507736206	0.6296296119689941	0.6489361524581909	0.7567567825317383	0.44547948241233826	0.21693122386932373	0.41489362716674805	0.7297297120094299	0.5124477744102478	0.27513226866722107	0.478723406791687	0.8108108043670654	0.3795480728149414	0.2380952388048172	0.3617021143436432	0.5405405163764954
cut0132_ptm0.697_r3	ESM-2 (Unsupervised)	0.685979962348938	0.6243386268615723	0.6702127456665039	0.7297297120094299	0.45783430337905884	0.2222222238779068	0.41489362716674805	0.7567567825317383	0.5270218253135681	0.28042328357696533	0.5	0.8108108043670654	0.373690128326416	0.22751322388648987	0.3404255211353302	0.5675675868988037
cut0133_ptm0.664_r3	ESM-2 (Unsupervised)	0.7122397422790527	0.6349206566810608	0.6808510422706604	0.837837815284729	0.4626154899597168	0.22751322388648987	0.42553192377090454	0.7837837934494019	0.5242553353309631	0.2857142984867096	0.478723406791687	0.8108108043670654	0.3958372175693512	0.2380952388048172	0.3723404109477997	0.5405405163764954
cut0134_ptm0.686_r3	ESM-2 (Unsupervised)	0.7132738828659058	0.6402116417884827	0.6914893388748169	0.8108108043670654	0.45395517349243164	0.22751322388648987	0.42553192377090454	0.7297297120094299	0.5328776240348816	0.29100528359413147	0.478723406791687	0.8108108043670654	0.3937763571739197	0.24867725372314453	0.3723404109477997	0.5405405163764954
cut0135_ptm0.638_r3	ESM-2 (Unsupervised)	0.7248483896255493	0.6349206566810608	0.7021276354789734	0.8648648858070374	0.44680672883987427	0.2222222238779068	0.41489362716674805	0.7297297120094299	0.5033871531486511	0.26455026865005493	0.42553192377090454	0.8108108043670654	0.4270172119140625	0.2539682686328888	0.42553192377090454	0.5675675868988037
cut0136_ptm0.622_r3	ESM-2 (Unsupervised)	0.7144447565078735	0.6402116417884827	0.6808510422706604	0.8108108043670654	0.5301885008811951	0.2857142984867096	0.5	0.8108108043670654	0.4857810437679291	0.2539682686328888	0.42553192377090454	0.7567567825317383	0.46803149580955505	0.27513226866722107	0.44680851697921753	0.7027027010917664
cut0137_ptm0.603_r3	ESM-2 (Unsupervised)	0.718384325504303	0.6402116417884827	0.7021276354789734	0.8108108043670654	0.539345383644104	0.2857142984867096	0.5106382966041565	0.837837815284729	0.48608940839767456	0.24867725372314453	0.43617022037506104	0.7567567825317383	0.48687976598739624	0.28042328357696533	0.478723406791687	0.6486486196517944
cut0138_ptm0.618_r3	ESM-2 (Unsupervised)	0.7167888283729553	0.6349206566810608	0.6914893388748169	0.7837837934494019	0.5511937141418457	0.29629629850387573	0.5319148898124695	0.837837815284729	0.4941751956939697	0.2539682686328888	0.43617022037506104	0.8108108043670654	0.4976506233215332	0.29100528359413147	0.4893617033958435	0.6756756901741028
cut0139_ptm0.614_r3	ESM-2 (Unsupervised)	0.7249382734298706	0.6243386268615723	0.7021276354789734	0.8108108043670654	0.5568646192550659	0.29629629850387573	0.5319148898124695	0.8108108043670654	0.46854814887046814	0.2539682686328888	0.42553192377090454	0.7567567825317383	0.45996254682540894	0.29100528359413147	0.44680851697921753	0.7027027010917664
cut0140_ptm0.686_r3	ESM-2 (Unsupervised)	0.6896589398384094	0.6190476417541504	0.6702127456665039	0.7567567825317383	0.5294398665428162	0.27513226866722107	0.5	0.7837837934494019	0.47933968901634216	0.24867725372314453	0.43617022037506104	0.7567567825317383	0.4389365613460541	0.27513226866722107	0.457446813583374	0.6486486196517944
cut0141_ptm0.706_r3	ESM-2 (Unsupervised)	0.6859347224235535	0.6243386268615723	0.6702127456665039	0.7297297120094299	0.4773328900337219	0.2539682686328888	0.44680851697921753	0.7027027010917664	0.49319010972976685	0.26455026865005493	0.43617022037506104	0.837837815284729	0.45387449860572815	0.2857142984867096	0.4680851101875305	0.5945945978164673
cut0142_ptm0.713_r3	ESM-2 (Unsupervised)	0.710931658744812	0.6137565970420837	0.7021276354789734	0.7567567825317383	0.44803285598754883	0.2380952388048172	0.41489362716674805	0.6756756901741028	0.5123575925827026	0.27513226866722107	0.4680851101875305	0.837837815284729	0.43730950355529785	0.27513226866722107	0.44680851697921753	0.6216216087341309
cut0143_ptm0.671_r3	ESM-2 (Unsupervised)	0.6787294149398804	0.5978835821151733	0.6914893388748169	0.7297297120094299	0.48049217462539673	0.25925925374031067	0.44680851697921753	0.7297297120094299	0.5129113793373108	0.28042328357696533	0.457446813583374	0.837837815284729	0.45373860001564026	0.2857142984867096	0.457446813583374	0.6216216087341309
cut0144_ptm0.694_r3	ESM-2 (Unsupervised)	0.6893304586410522	0.6190476417541504	0.7021276354789734	0.7297297120094299	0.47640419006347656	0.2539682686328888	0.43617022037506104	0.7567567825317383	0.5053664445877075	0.28042328357696533	0.43617022037506104	0.8108108043670654	0.44950374960899353	0.28042328357696533	0.43617022037506104	0.6756756901741028
cut0145_ptm0.684_r3	ESM-2 (Unsupervised)	0.624591588973999	0.5661375522613525	0.6276595592498779	0.5945945978164673	0.4849233627319336	0.2539682686328888	0.4680851101875305	0.6756756901741028	0.4941984713077545	0.27513226866722107	0.43617022037506104	0.837837815284729	0.4665852189064026	0.29100528359413147	0.478723406791687	0.6216216087341309
cut0146_ptm0.737_r3	ESM-2 (Unsupervised)	0.6289618015289307	0.5608465671539307	0.6063829660415649	0.6486486196517944	0.47485581040382385	0.2539682686328888	0.457446813583374	0.6756756901741028	0.5076647996902466	0.2857142984867096	0.457446813583374	0.8108108043670654	0.46056634187698364	0.28042328357696533	0.4893617033958435	0.6216216087341309
cut0147_ptm0.771_r3	ESM-2 (Unsupervised)	0.6600046157836914	0.5714285969734192	0.6489361524581909	0.6756756901741028	0.4702838063240051	0.2539682686328888	0.43617022037506104	0.6756756901741028	0.5063529014587402	0.27513226866722107	0.44680851697921753	0.8108108043670654	0.45375514030456543	0.29629629850387573	0.42553192377090454	0.6216216087341309
cut0148_ptm0.725_r3	ESM-2 (Unsupervised)	0.6701737642288208	0.5873016119003296	0.6808510422706604	0.7027027010917664	0.4811246395111084	0.24867725372314453	0.44680851697921753	0.7297297120094299	0.5147832632064819	0.28042328357696533	0.4680851101875305	0.8108108043670654	0.45888248085975647	0.29629629850387573	0.42553192377090454	0.5675675868988037
cut0149_ptm0.679_r3	ESM-2 (Unsupervised)	0.691597580909729	0.6190476417541504	0.6808510422706604	0.7027027010917664	0.5204541087150574	0.2857142984867096	0.478723406791687	0.7567567825317383	0.5158408880233765	0.2857142984867096	0.478723406791687	0.8108108043670654	0.5230869650840759	0.35449734330177307	0.4893617033958435	0.6756756901741028
cut0150_ptm0.625_r3	ESM-2 (Unsupervised)	0.6897111535072327	0.5925925970077515	0.6808510422706604	0.7297297120094299	0.5052529573440552	0.27513226866722107	0.4680851101875305	0.7837837934494019	0.48798251152038574	0.25925925374031067	0.44680851697921753	0.7567567825317383	0.5516616106033325	0.37566137313842773	0.5106382966041565	0.7297297120094299
cut0151_ptm0.643_r3	ESM-2 (Unsupervised)	0.6894045472145081	0.6084656119346619	0.6702127456665039	0.7297297120094299	0.5205903053283691	0.2857142984867096	0.478723406791687	0.7567567825317383	0.4893880784511566	0.26455026865005493	0.44680851697921753	0.7837837934494019	0.5737571120262146	0.380952388048172	0.5531914830207825	0.7567567825317383
cut0152_ptm0.666_r3	ESM-2 (Unsupervised)	0.761266827583313	0.6772486567497253	0.7446808218955994	0.7837837934494019	0.5259197950363159	0.2857142984867096	0.4893617033958435	0.7837837934494019	0.504252016544342	0.27513226866722107	0.4680851101875305	0.8108108043670654	0.5186042189598083	0.35978835821151733	0.4893617033958435	0.6756756901741028
cut0153_ptm0.679_r3	ESM-2 (Unsupervised)	0.7409722208976746	0.6772486567497253	0.7446808218955994	0.7837837934494019	0.5251036286354065	0.28042328357696533	0.478723406791687	0.7837837934494019	0.5196067094802856	0.2857142984867096	0.478723406791687	0.837837815284729	0.5056043863296509	0.3333333432674408	0.4893617033958435	0.6756756901741028
cut0154_ptm0.672_r3	ESM-2 (Unsupervised)	0.6918307542800903	0.6084656119346619	0.6808510422706604	0.7297297120094299	0.531687319278717	0.29100528359413147	0.5	0.837837815284729	0.5395040512084961	0.30158731341362	0.5106382966041565	0.837837815284729	0.5725386738777161	0.380952388048172	0.5531914830207825	0.7837837934494019
cut0155_ptm0.712_r3	ESM-2 (Unsupervised)	0.6954348087310791	0.5978835821151733	0.6702127456665039	0.7567567825317383	0.5028527975082397	0.27513226866722107	0.4680851101875305	0.7837837934494019	0.5736938118934631	0.3333333432674408	0.5531914830207825	0.8648648858070374	0.5145347714424133	0.35978835821151733	0.5106382966041565	0.6216216087341309
cut0156_ptm0.725_r3	ESM-2 (Unsupervised)	0.7052047848701477	0.5978835821151733	0.6914893388748169	0.7567567825317383	0.5101982355117798	0.27513226866722107	0.4680851101875305	0.7837837934494019	0.5671175122261047	0.33862432837486267	0.5319148898124695	0.8918918967247009	0.5158002972602844	0.34391534328460693	0.4893617033958435	0.6486486196517944
cut0157_ptm0.707_r3	ESM-2 (Unsupervised)	0.7144427299499512	0.5978835821151733	0.6914893388748169	0.7837837934494019	0.5160601139068604	0.27513226866722107	0.478723406791687	0.7837837934494019	0.5802235007286072	0.35449734330177307	0.5319148898124695	0.8918918967247009	0.5201223492622375	0.34391534328460693	0.478723406791687	0.6756756901741028
cut0158_ptm0.689_r3	ESM-2 (Unsupervised)	0.7270845174789429	0.60317462682724	0.7021276354789734	0.7837837934494019	0.5394501090049744	0.29100528359413147	0.4893617033958435	0.8108108043670654	0.5529261827468872	0.32804232835769653	0.4893617033958435	0.837837815284729	0.49274927377700806	0.32804232835769653	0.44680851697921753	0.6216216087341309
cut0159_ptm0.701_r3	ESM-2 (Unsupervised)	0.7470658421516418	0.6507936716079712	0.7127659320831299	0.7837837934494019	0.5282548666000366	0.2857142984867096	0.478723406791687	0.8108108043670654	0.5470596551895142	0.32275131344795227	0.4893617033958435	0.837837815284729	0.49382925033569336	0.32275131344795227	0.44680851697921753	0.6486486196517944
cut0160_ptm0.702_r3	ESM-2 (Unsupervised)	0.7580252885818481	0.6455026268959045	0.7234042286872864	0.837837815284729	0.5029314756393433	0.2698412835597992	0.457446813583374	0.7567567825317383	0.5419882535934448	0.32275131344795227	0.478723406791687	0.837837815284729	0.49444323778152466	0.3174603283405304	0.5	0.6216216087341309
cut0161_ptm0.723_r3	ESM-2 (Unsupervised)	0.7455401420593262	0.6402116417884827	0.7127659320831299	0.837837815284729	0.5461717844009399	0.30687829852104187	0.5106382966041565	0.837837815284729	0.57878178358078	0.34391534328460693	0.542553186416626	0.8648648858070374	0.48598775267601013	0.30687829852104187	0.478723406791687	0.6756756901741028
cut0162_ptm0.726_r3	ESM-2 (Unsupervised)	0.7529525756835938	0.6455026268959045	0.7234042286872864	0.837837815284729	0.5569024682044983	0.31216931343078613	0.5106382966041565	0.8648648858070374	0.566990077495575	0.33862432837486267	0.542553186416626	0.8648648858070374	0.4960949420928955	0.3333333432674408	0.4680851101875305	0.6756756901741028
cut0163_ptm0.723_r3	ESM-2 (Unsupervised)	0.7337490916252136	0.6402116417884827	0.7234042286872864	0.8108108043670654	0.5462064146995544	0.30687829852104187	0.5106382966041565	0.8108108043670654	0.5599474310874939	0.32804232835769653	0.5319148898124695	0.837837815284729	0.5040233731269836	0.3333333432674408	0.4893617033958435	0.7027027010917664
cut0164_ptm0.722_r3	ESM-2 (Unsupervised)	0.763221800327301	0.6560846567153931	0.7446808218955994	0.837837815284729	0.5430395603179932	0.30687829852104187	0.5	0.837837815284729	0.5542788505554199	0.32804232835769653	0.521276593208313	0.837837815284729	0.5076122283935547	0.33862432837486267	0.5	0.7027027010917664
cut0165_ptm0.733_r3	ESM-2 (Unsupervised)	0.750400185585022	0.6455026268959045	0.7446808218955994	0.8108108043670654	0.5540686249732971	0.30687829852104187	0.5106382966041565	0.8648648858070374	0.5652648210525513	0.33862432837486267	0.5531914830207825	0.837837815284729	0.5148370265960693	0.3492063581943512	0.5106382966041565	0.7297297120094299
cut0166_ptm0.739_r3	ESM-2 (Unsupervised)	0.7446416616439819	0.6402116417884827	0.7340425252914429	0.8108108043670654	0.5574683547019958	0.3174603283405304	0.5106382966041565	0.837837815284729	0.5620497465133667	0.33862432837486267	0.542553186416626	0.837837815284729	0.5216749310493469	0.35449734330177307	0.5106382966041565	0.7297297120094299
cut0167_ptm0.741_r3	ESM-2 (Unsupervised)	0.7682343125343323	0.6190476417541504	0.7765957713127136	0.9189189076423645	0.521906316280365	0.2857142984867096	0.457446813583374	0.837837815284729	0.5725212097167969	0.34391534328460693	0.5531914830207825	0.837837815284729	0.5290773510932922	0.35449734330177307	0.5106382966041565	0.7297297120094299
cut0168_ptm0.745_r3	ESM-2 (Unsupervised)	0.7498480081558228	0.5978835821151733	0.7446808218955994	0.8918918967247009	0.5137993097305298	0.28042328357696533	0.457446813583374	0.7837837934494019	0.5890089869499207	0.35978835821151733	0.5744680762290955	0.837837815284729	0.5210191607475281	0.3650793731212616	0.521276593208313	0.7027027010917664
cut0169_ptm0.746_r3	ESM-2 (Unsupervised)	0.7747769951820374	0.6296296119689941	0.7765957713127136	0.8918918967247009	0.5130011439323425	0.28042328357696533	0.457446813583374	0.7837837934494019	0.5633010268211365	0.34391534328460693	0.542553186416626	0.837837815284729	0.5096026659011841	0.35449734330177307	0.5106382966041565	0.6486486196517944
cut0170_ptm0.754_r3	ESM-2 (Unsupervised)	0.7744492292404175	0.6243386268615723	0.7765957713127136	0.9189189076423645	0.5163661241531372	0.28042328357696533	0.457446813583374	0.8108108043670654	0.5759445428848267	0.35449734330177307	0.5531914830207825	0.837837815284729	0.5222831964492798	0.35978835821151733	0.5319148898124695	0.7027027010917664
cut0171_ptm0.760_r3	ESM-2 (Unsupervised)	0.7894271612167358	0.6402116417884827	0.7978723645210266	0.9189189076423645	0.5221414566040039	0.28042328357696533	0.4893617033958435	0.8108108043670654	0.5702884793281555	0.35449734330177307	0.542553186416626	0.837837815284729	0.5145629644393921	0.35449734330177307	0.5106382966041565	0.7027027010917664
cut0172_ptm0.776_r3	ESM-2 (Unsupervised)	0.7725489735603333	0.6507936716079712	0.7659574747085571	0.8918918967247009	0.5131158828735352	0.27513226866722107	0.457446813583374	0.837837815284729	0.5762927532196045	0.35449734330177307	0.563829779624939	0.837837815284729	0.5167794823646545	0.34391534328460693	0.5319148898124695	0.6486486196517944
cut0173_ptm0.790_r3	ESM-2 (Unsupervised)	0.7661899328231812	0.6507936716079712	0.7553191781044006	0.8648648858070374	0.514655351638794	0.27513226866722107	0.478723406791687	0.837837815284729	0.5747776031494141	0.35449734330177307	0.563829779624939	0.837837815284729	0.5130784511566162	0.34391534328460693	0.521276593208313	0.6486486196517944
cut0174_ptm0.787_r3	ESM-2 (Unsupervised)	0.7718644738197327	0.6560846567153931	0.7659574747085571	0.8648648858070374	0.5160011053085327	0.27513226866722107	0.478723406791687	0.837837815284729	0.574959397315979	0.35449734330177307	0.563829779624939	0.837837815284729	0.5238779783248901	0.3492063581943512	0.521276593208313	0.6756756901741028
cut0175_ptm0.795_r3	ESM-2 (Unsupervised)	0.7727760076522827	0.6560846567153931	0.7553191781044006	0.8918918967247009	0.5152435898780823	0.27513226866722107	0.478723406791687	0.837837815284729	0.5779352784156799	0.35449734330177307	0.563829779624939	0.837837815284729	0.5178574323654175	0.3492063581943512	0.521276593208313	0.6756756901741028
cut0176_ptm0.796_r3	ESM-2 (Unsupervised)	0.7818902730941772	0.6507936716079712	0.7872340679168701	0.9189189076423645	0.5236085653305054	0.27513226866722107	0.478723406791687	0.8648648858070374	0.575903594493866	0.35449734330177307	0.5531914830207825	0.837837815284729	0.511849045753479	0.3492063581943512	0.521276593208313	0.6486486196517944
cut0177_ptm0.787_r3	ESM-2 (Unsupervised)	0.7573989629745483	0.6507936716079712	0.7659574747085571	0.8648648858070374	0.5032336711883545	0.2698412835597992	0.478723406791687	0.837837815284729	0.5760666728019714	0.35449734330177307	0.563829779624939	0.837837815284729	0.5202462673187256	0.35449734330177307	0.5319148898124695	0.6486486196517944
cut0178_ptm0.805_r3	ESM-2 (Unsupervised)	0.7353677749633789	0.6402116417884827	0.7446808218955994	0.8108108043670654	0.4967314600944519	0.27513226866722107	0.478723406791687	0.7837837934494019	0.5730908513069153	0.35449734330177307	0.563829779624939	0.837837815284729	0.5187273025512695	0.3492063581943512	0.521276593208313	0.6486486196517944
cut0179_ptm0.802_r3	ESM-2 (Unsupervised)	0.7488367557525635	0.6402116417884827	0.7446808218955994	0.8108108043670654	0.5276132225990295	0.2857142984867096	0.5	0.8648648858070374	0.5742577314376831	0.35449734330177307	0.5531914830207825	0.837837815284729	0.5180556178092957	0.35449734330177307	0.5106382966041565	0.6756756901741028
cut0180_ptm0.804_r3	ESM-2 (Unsupervised)	0.7595189809799194	0.6402116417884827	0.7872340679168701	0.837837815284729	0.548231840133667	0.29629629850387573	0.5106382966041565	0.8918918967247009	0.5846928358078003	0.35978835821151733	0.563829779624939	0.8648648858070374	0.5155900716781616	0.35978835821151733	0.5319148898124695	0.6216216087341309
cut0181_ptm0.805_r3	ESM-2 (Unsupervised)	0.7401171922683716	0.6455026268959045	0.7659574747085571	0.7837837934494019	0.5541633367538452	0.29629629850387573	0.521276593208313	0.9189189076423645	0.5891525149345398	0.35978835821151733	0.5531914830207825	0.8648648858070374	0.5163365006446838	0.38624337315559387	0.5531914830207825	0.5945945978164673
cut0182_ptm0.807_r3	ESM-2 (Unsupervised)	0.7383359670639038	0.6455026268959045	0.7553191781044006	0.8108108043670654	0.5661677718162537	0.30687829852104187	0.542553186416626	0.9189189076423645	0.5936024188995361	0.3650793731212616	0.563829779624939	0.837837815284729	0.5425223708152771	0.39153438806533813	0.5744680762290955	0.6216216087341309
cut0183_ptm0.811_r3	ESM-2 (Unsupervised)	0.7400948405265808	0.6507936716079712	0.7659574747085571	0.7567567825317383	0.5764755010604858	0.31216931343078613	0.5531914830207825	0.9459459185600281	0.6012309789657593	0.37037035822868347	0.5744680762290955	0.8648648858070374	0.5267435908317566	0.35978835821151733	0.5319148898124695	0.6216216087341309
cut0184_ptm0.827_r3	ESM-2 (Unsupervised)	0.7348447442054749	0.6455026268959045	0.7659574747085571	0.7837837934494019	0.5750012397766113	0.31216931343078613	0.542553186416626	0.9189189076423645	0.5968819260597229	0.3650793731212616	0.5744680762290955	0.8648648858070374	0.5566283464431763	0.3968254029750824	0.563829779624939	0.6756756901741028
cut0185_ptm0.836_r3	ESM-2 (Unsupervised)	0.6924203634262085	0.60317462682724	0.7127659320831299	0.7567567825317383	0.5795021653175354	0.31216931343078613	0.542553186416626	0.9459459185600281	0.5962196588516235	0.3650793731212616	0.5744680762290955	0.8648648858070374	0.5563559532165527	0.4126984179019928	0.585106372833252	0.6486486196517944
cut0186_ptm0.840_r3	ESM-2 (Unsupervised)	0.6809250116348267	0.6084656119346619	0.7021276354789734	0.7297297120094299	0.5785657167434692	0.31216931343078613	0.5319148898124695	0.9459459185600281	0.5975441336631775	0.3650793731212616	0.5744680762290955	0.8648648858070374	0.5621106624603271	0.4126984179019928	0.585106372833252	0.6216216087341309
cut0187_ptm0.845_r3	ESM-2 (Unsupervised)	0.699618935585022	0.6190476417541504	0.7234042286872864	0.7837837934494019	0.5783497095108032	0.3174603283405304	0.5319148898124695	0.9459459185600281	0.598877489566803	0.3650793731212616	0.5744680762290955	0.8648648858070374	0.5635452270507812	0.4126984179019928	0.5957446694374084	0.6216216087341309
cut0188_ptm0.850_r3	ESM-2 (Unsupervised)	0.710218071937561	0.6243386268615723	0.7340425252914429	0.8108108043670654	0.579769492149353	0.3174603283405304	0.5319148898124695	0.9459459185600281	0.5982152223587036	0.3650793731212616	0.5744680762290955	0.8648648858070374	0.57566237449646	0.4285714328289032	0.6170212626457214	0.6486486196517944
