id	model	local_AUC	local_P@L	local_P@L2	local_P@L5	short_AUC	short_P@L	short_P@L2	short_P@L5	medium_AUC	medium_P@L	medium_P@L2	medium_P@L5	long_AUC	long_P@L	long_P@L2	long_P@L5	tm_score	plddt
cut0000_ptm0.760_r3	ESM-2 (Unsupervised)	0.4197431206703186	0.2565789520740509	0.3815789520740509	0.6000000238418579	0.532447874546051	0.2763157784938812	0.5	0.8333333134651184	0.7030584812164307	0.4736842215061188	0.7236841917037964	0.9666666388511658	0.8571583032608032	0.7039473652839661	0.8421052694320679	0.9666666388511658	1.0	84.03867763157895
cut0001_ptm0.765_r3	ESM-2 (Unsupervised)	0.4274933338165283	0.2631579041481018	0.3684210479259491	0.6333333253860474	0.5361568331718445	0.2763157784938812	0.5	0.8333333134651184	0.6988867521286011	0.4736842215061188	0.7236841917037964	0.9666666388511658	0.8546119928359985	0.6973684430122375	0.8552631735801697	0.9666666388511658	0.96782	83.96688815789474
cut0002_ptm0.766_r3	ESM-2 (Unsupervised)	0.4189009070396423	0.2697368562221527	0.3684210479259491	0.5666666626930237	0.532447874546051	0.2763157784938812	0.5	0.8333333134651184	0.6986916065216064	0.4671052694320678	0.7236841917037964	0.9666666388511658	0.8535130620002747	0.6973684430122375	0.8552631735801697	0.9666666388511658	0.94516	83.5685592105263
cut0003_ptm0.767_r3	ESM-2 (Unsupervised)	0.4298161566257477	0.2697368562221527	0.3684210479259491	0.6000000238418579	0.5315045118331909	0.2763157784938812	0.5	0.8333333134651184	0.7000073790550232	0.4671052694320678	0.7368420958518982	0.9666666388511658	0.8540154695510864	0.7039473652839661	0.8552631735801697	0.9666666388511658	0.96175	82.88857236842105
cut0004_ptm0.769_r3	ESM-2 (Unsupervised)	0.4127625823020935	0.2631579041481018	0.3684210479259491	0.6000000238418579	0.5364400148391724	0.2763157784938812	0.5	0.8333333134651184	0.6978651285171509	0.4671052694320678	0.7236841917037964	0.9666666388511658	0.854595959186554	0.7171052694320679	0.8552631735801697	0.9666666388511658	0.94331	83.24409868421053
cut0005_ptm0.777_r3	ESM-2 (Unsupervised)	0.4223324358463287	0.2697368562221527	0.3815789520740509	0.5666666626930237	0.5382620692253113	0.2763157784938812	0.5	0.8333333134651184	0.7001123428344727	0.4671052694320678	0.7368420958518982	0.9666666388511658	0.8511516451835632	0.6973684430122375	0.8552631735801697	0.9666666388511658	0.94497	83.25520394736841
cut0006_ptm0.779_r3	ESM-2 (Unsupervised)	0.4876529276371002	0.3026315867900848	0.4473684132099151	0.6666666865348816	0.5417975187301636	0.2828947305679321	0.5131579041481018	0.8333333134651184	0.6973467469215393	0.4671052694320678	0.7368420958518982	0.9666666388511658	0.8552218675613403	0.7039473652839661	0.8552631735801697	0.9666666388511658	0.94005	83.09053289473684
cut0007_ptm0.777_r3	ESM-2 (Unsupervised)	0.4853920042514801	0.3026315867900848	0.4342105388641357	0.6666666865348816	0.5357664227485657	0.2828947305679321	0.5	0.8333333134651184	0.6950875520706177	0.4671052694320678	0.7236841917037964	0.9666666388511658	0.8521467447280884	0.7039473652839661	0.8421052694320679	0.9666666388511658	0.92153	82.53911184210526
cut0008_ptm0.778_r3	ESM-2 (Unsupervised)	0.4946760535240173	0.3157894611358642	0.4473684132099151	0.6666666865348816	0.5373395681381226	0.289473682641983	0.5	0.8333333134651184	0.6989866495132446	0.4736842215061188	0.7368420958518982	0.9666666388511658	0.8510347604751587	0.7105262875556946	0.8421052694320679	0.9666666388511658	0.91893	82.37711184210526
cut0009_ptm0.779_r3	ESM-2 (Unsupervised)	0.5037918090820312	0.3223684132099151	0.4736842215061188	0.699999988079071	0.531015157699585	0.2763157784938812	0.4868420958518982	0.8333333134651184	0.6961864829063416	0.4671052694320678	0.7236841917037964	0.9666666388511658	0.8566149473190308	0.7105262875556946	0.8552631735801697	0.9666666388511658	0.92116	82.27202631578947
cut0010_ptm0.779_r3	ESM-2 (Unsupervised)	0.4759697318077087	0.3092105388641357	0.4473684132099151	0.6000000238418579	0.5345531702041626	0.289473682641983	0.4868420958518982	0.8333333134651184	0.696121096611023	0.4605263173580169	0.7368420958518982	0.9666666388511658	0.8556715846061707	0.7105262875556946	0.8552631735801697	0.9666666388511658	0.92309	82.03822368421054
cut0011_ptm0.775_r3	ESM-2 (Unsupervised)	0.4847287535667419	0.3026315867900848	0.4736842215061188	0.6333333253860474	0.5373677015304565	0.289473682641983	0.5	0.8333333134651184	0.6967790126800537	0.4671052694320678	0.7368420958518982	0.9666666388511658	0.8558529019355774	0.7105262875556946	0.8552631735801697	0.9666666388511658	0.91869	81.75418421052632
cut0012_ptm0.776_r3	ESM-2 (Unsupervised)	0.4641262888908386	0.2960526347160339	0.4473684132099151	0.6333333253860474	0.5351084470748901	0.289473682641983	0.4868420958518982	0.8333333134651184	0.6948053240776062	0.4605263173580169	0.7236841917037964	0.9666666388511658	0.8574284315109253	0.7039473652839661	0.8684210777282715	0.9666666388511658	0.91274	81.748
cut0013_ptm0.778_r3	ESM-2 (Unsupervised)	0.4502151906490326	0.289473682641983	0.4342105388641357	0.5666666626930237	0.5316730737686157	0.2828947305679321	0.4868420958518982	0.8333333134651184	0.698614239692688	0.4605263173580169	0.7368420958518982	0.9666666388511658	0.8563295602798462	0.7039473652839661	0.8684210777282715	0.9666666388511658	0.90879	81.76240789473684
cut0014_ptm0.779_r3	ESM-2 (Unsupervised)	0.4679349958896637	0.3092105388641357	0.4473684132099151	0.6000000238418579	0.5315045118331909	0.289473682641983	0.4868420958518982	0.8333333134651184	0.6953731179237366	0.4605263173580169	0.7236841917037964	0.9666666388511658	0.8576831817626953	0.7039473652839661	0.8684210777282715	0.9666666388511658	0.90142	81.55089473684211
cut0015_ptm0.779_r3	ESM-2 (Unsupervised)	0.4607064127922058	0.289473682641983	0.4342105388641357	0.6333333253860474	0.5316730737686157	0.2828947305679321	0.4868420958518982	0.8333333134651184	0.6962133049964905	0.4605263173580169	0.7236841917037964	0.9666666388511658	0.8543646931648254	0.7105262875556946	0.8552631735801697	0.9666666388511658	0.89662	81.1185855263158
cut0016_ptm0.780_r3	ESM-2 (Unsupervised)	0.4789687097072601	0.3026315867900848	0.4605263173580169	0.6666666865348816	0.5300201177597046	0.2828947305679321	0.4868420958518982	0.8333333134651184	0.6963164806365967	0.4605263173580169	0.7236841917037964	0.9666666388511658	0.857437252998352	0.7171052694320679	0.8684210777282715	0.9666666388511658	0.88877	80.70367763157894
cut0017_ptm0.779_r3	ESM-2 (Unsupervised)	0.5124028921127319	0.328947365283966	0.5131579041481018	0.6666666865348816	0.5381941199302673	0.289473682641983	0.5	0.8333333134651184	0.6990134119987488	0.4671052694320678	0.7368420958518982	0.9666666388511658	0.8561214208602905	0.7171052694320679	0.8552631735801697	0.9666666388511658	0.88189	80.40497368421053
cut0018_ptm0.783_r3	ESM-2 (Unsupervised)	0.5313137769699097	0.3486842215061188	0.5131579041481018	0.7666666507720947	0.545153021812439	0.3026315867900848	0.5131579041481018	0.8333333134651184	0.6926075220108032	0.4605263173580169	0.7236841917037964	0.9666666388511658	0.8561214208602905	0.7171052694320679	0.8552631735801697	0.9666666388511658	0.87432	80.503875
cut0019_ptm0.780_r3	ESM-2 (Unsupervised)	0.5521044135093689	0.375	0.5394737124443054	0.7666666507720947	0.5436686873435974	0.2960526347160339	0.5131579041481018	0.8333333134651184	0.6937547922134399	0.4671052694320678	0.7368420958518982	0.9666666388511658	0.8530615568161011	0.7105262875556946	0.8552631735801697	0.9666666388511658	0.86859	79.77850657894736
cut0020_ptm0.785_r3	ESM-2 (Unsupervised)	0.5338939428329468	0.3618420958518982	0.5	0.7666666507720947	0.5449845194816589	0.3092105388641357	0.5131579041481018	0.8333333134651184	0.6917811036109924	0.4605263173580169	0.7236841917037964	0.9666666388511658	0.855566680431366	0.7105262875556946	0.8552631735801697	0.9666666388511658	0.86384	80.11559868421052
cut0021_ptm0.782_r3	ESM-2 (Unsupervised)	0.5542325973510742	0.3815789520740509	0.5263158082962036	0.800000011920929	0.5423529148101807	0.2960526347160339	0.5	0.8333333134651184	0.6953731179237366	0.4605263173580169	0.7236841917037964	0.9666666388511658	0.8532648086547852	0.7171052694320679	0.8552631735801697	0.9666666388511658	0.85747	79.85696710526315
cut0022_ptm0.780_r3	ESM-2 (Unsupervised)	0.5288870930671692	0.3486842215061188	0.5	0.7666666507720947	0.542634129524231	0.3092105388641357	0.5	0.8333333134651184	0.6942742466926575	0.4605263173580169	0.7236841917037964	0.9666666388511658	0.851136326789856	0.7105262875556946	0.8552631735801697	0.9666666388511658	0.85181	79.88244736842105
cut0023_ptm0.780_r3	ESM-2 (Unsupervised)	0.5129140019416809	0.328947365283966	0.4736842215061188	0.7666666507720947	0.5418077111244202	0.3092105388641357	0.5	0.8333333134651184	0.6949321031570435	0.4671052694320678	0.7236841917037964	0.9666666388511658	0.8488890528678894	0.7105262875556946	0.8421052694320679	0.9666666388511658	0.84561	79.91613815789474
cut0024_ptm0.778_r3	ESM-2 (Unsupervised)	0.5263620018959045	0.3552631437778473	0.5131579041481018	0.7333333492279053	0.5468961000442505	0.3026315867900848	0.5131579041481018	0.8333333134651184	0.6960309743881226	0.4671052694320678	0.7236841917037964	0.9666666388511658	0.8548951148986816	0.7105262875556946	0.8421052694320679	0.9666666388511658	0.83914	79.95913815789474
cut0025_ptm0.773_r3	ESM-2 (Unsupervised)	0.544407844543457	0.3684210479259491	0.5263158082962036	0.800000011920929	0.5446738600730896	0.3026315867900848	0.5131579041481018	0.8333333134651184	0.6967800259590149	0.4736842215061188	0.7236841917037964	0.9666666388511658	0.8554908633232117	0.7039473652839661	0.8289473652839661	0.9666666388511658	0.83276	79.64300657894738
cut0026_ptm0.766_r3	ESM-2 (Unsupervised)	0.5147960782051086	0.3421052694320678	0.4868420958518982	0.7666666507720947	0.5428026914596558	0.3026315867900848	0.5	0.8333333134651184	0.6987321376800537	0.4671052694320678	0.7236841917037964	0.9666666388511658	0.8522874116897583	0.7039473652839661	0.8421052694320679	0.9666666388511658	0.82651	79.32575657894736
cut0027_ptm0.756_r3	ESM-2 (Unsupervised)	0.5451816320419312	0.3684210479259491	0.5394737124443054	0.7666666507720947	0.547722578048706	0.3026315867900848	0.5131579041481018	0.8333333134651184	0.6979968547821045	0.4671052694320678	0.7236841917037964	0.9666666388511658	0.8467097282409668	0.6973684430122375	0.8289473652839661	0.9666666388511658	0.8196	78.284625
cut0028_ptm0.753_r3	ESM-2 (Unsupervised)	0.5449473261833191	0.3947368562221527	0.5131579041481018	0.7666666507720947	0.5468713045120239	0.3026315867900848	0.5	0.8666666746139526	0.7126405239105225	0.4802631437778473	0.7368420958518982	0.9666666388511658	0.8591597676277161	0.6973684430122375	0.8552631735801697	1.0	0.81212	78.37397368421053
cut0029_ptm0.736_r3	ESM-2 (Unsupervised)	0.5448223352432251	0.3684210479259491	0.5	0.7666666507720947	0.5494030117988586	0.3026315867900848	0.5131579041481018	0.8666666746139526	0.7061339616775513	0.4671052694320678	0.7236841917037964	0.9666666388511658	0.850058376789093	0.6907894611358643	0.8421052694320679	1.0	0.80574	76.69032236842105
cut0030_ptm0.726_r3	ESM-2 (Unsupervised)	0.5319103598594666	0.3618420958518982	0.4736842215061188	0.7666666507720947	0.5473519563674927	0.3026315867900848	0.5	0.8666666746139526	0.6940237283706665	0.4473684132099151	0.6973684430122375	0.9666666388511658	0.8254864811897278	0.6578947305679321	0.8026315569877625	0.9666666388511658	0.79887	75.95281578947369
cut0031_ptm0.670_r3	ESM-2 (Unsupervised)	0.5365573167800903	0.3552631437778473	0.5	0.7666666507720947	0.5453466176986694	0.3026315867900848	0.5131579041481018	0.8666666746139526	0.6704682111740112	0.4342105388641357	0.6710526347160339	0.9666666388511658	0.8300514221191406	0.6710526347160339	0.8157894611358643	0.9666666388511658	0.79271	72.47342105263158
cut0032_ptm0.685_r3	ESM-2 (Unsupervised)	0.4623944759368896	0.2828947305679321	0.4078947305679321	0.699999988079071	0.5356006622314453	0.2828947305679321	0.5	0.8666666746139526	0.65390944480896	0.4210526347160339	0.6578947305679321	0.9333333373069764	0.8288449048995972	0.6644737124443054	0.8026315569877625	1.0	0.86001	74.67561184210525
cut0033_ptm0.692_r3	ESM-2 (Unsupervised)	0.4465759694576263	0.2631579041481018	0.4078947305679321	0.699999988079071	0.5081948041915894	0.2631579041481018	0.4605263173580169	0.8333333134651184	0.6144002676010132	0.4013157784938812	0.6184210777282715	0.8999999761581421	0.8163726925849915	0.625	0.8026315569877625	1.0	0.86264	76.04165131578947
cut0034_ptm0.682_r3	ESM-2 (Unsupervised)	0.4589899182319641	0.2631579041481018	0.4078947305679321	0.7333333492279053	0.5134226679801941	0.2697368562221527	0.4736842215061188	0.8333333134651184	0.6102845668792725	0.3947368562221527	0.5921052694320679	0.8666666746139526	0.8200162649154663	0.6315789222717285	0.8026315569877625	1.0	0.86213	74.97386842105263
cut0035_ptm0.710_r3	ESM-2 (Unsupervised)	0.4696785807609558	0.2828947305679321	0.4342105388641357	0.699999988079071	0.4855771660804748	0.25	0.4473684132099151	0.800000011920929	0.607585072517395	0.3815789520740509	0.6052631735801697	0.8999999761581421	0.8254777193069458	0.6315789222717285	0.8289473652839661	1.0	0.86663	77.06790789473685
cut0036_ptm0.723_r3	ESM-2 (Unsupervised)	0.4774436354637146	0.2828947305679321	0.4210526347160339	0.7333333492279053	0.4935595989227295	0.25	0.4605263173580169	0.800000011920929	0.6069271564483643	0.375	0.6052631735801697	0.8999999761581421	0.8241060972213745	0.6381579041481018	0.8421052694320679	1.0	0.86721	76.54188157894738
cut0037_ptm0.741_r3	ESM-2 (Unsupervised)	0.4320234656333923	0.2697368562221527	0.3947368562221527	0.6333333253860474	0.4581862986087799	0.2236842066049575	0.4078947305679321	0.800000011920929	0.5996183753013611	0.3684210479259491	0.5921052694320679	0.8999999761581421	0.824959397315979	0.6447368264198303	0.8289473652839661	1.0	0.85668	77.11129605263157
cut0038_ptm0.762_r3	ESM-2 (Unsupervised)	0.400266945362091	0.2565789520740509	0.3421052694320678	0.6000000238418579	0.4573598504066467	0.2236842066049575	0.4078947305679321	0.800000011920929	0.6059219837188721	0.3684210479259491	0.6052631735801697	0.8999999761581421	0.8301069140434265	0.6381579041481018	0.8157894611358643	1.0	0.86544	78.88156578947368
cut0039_ptm0.756_r3	ESM-2 (Unsupervised)	0.4215522706508636	0.2565789520740509	0.3947368562221527	0.6333333253860474	0.4573598504066467	0.2236842066049575	0.4078947305679321	0.800000011920929	0.604087769985199	0.3684210479259491	0.6052631735801697	0.8999999761581421	0.8221472501754761	0.625	0.8289473652839661	1.0	0.86837	78.63303947368422
cut0040_ptm0.758_r3	ESM-2 (Unsupervised)	0.4138105809688568	0.25	0.3421052694320678	0.6333333253860474	0.4590126872062683	0.2236842066049575	0.4078947305679321	0.800000011920929	0.60496985912323	0.3684210479259491	0.5921052694320679	0.8999999761581421	0.8410124778747559	0.6513158082962036	0.8552631735801697	1.0	0.87014	78.71106578947368
cut0041_ptm0.751_r3	ESM-2 (Unsupervised)	0.4491320252418518	0.2697368562221527	0.3815789520740509	0.699999988079071	0.4590126872062683	0.2236842066049575	0.4078947305679321	0.800000011920929	0.601840615272522	0.3684210479259491	0.5921052694320679	0.8999999761581421	0.8430768847465515	0.6578947305679321	0.8684210777282715	1.0	0.86726	77.97898684210527
cut0042_ptm0.731_r3	ESM-2 (Unsupervised)	0.4902161955833435	0.2960526347160339	0.4342105388641357	0.7333333492279053	0.4655338823795318	0.2302631586790084	0.4210526347160339	0.800000011920929	0.593619704246521	0.3618420958518982	0.5657894611358643	0.8999999761581421	0.8307269811630249	0.6710526347160339	0.8421052694320679	1.0	0.85846	76.96005263157895
cut0043_ptm0.715_r3	ESM-2 (Unsupervised)	0.4991496205329895	0.3092105388641357	0.4605263173580169	0.699999988079071	0.4566227793693542	0.2236842066049575	0.4078947305679321	0.7666666507720947	0.609039306640625	0.375	0.5789473652839661	0.8999999761581421	0.8420132398605347	0.6776315569877625	0.8421052694320679	1.0	0.85089	75.86680263157895
cut0044_ptm0.701_r3	ESM-2 (Unsupervised)	0.4560810625553131	0.2960526347160339	0.4342105388641357	0.6333333253860474	0.5083633661270142	0.2565789520740509	0.4605263173580169	0.8333333134651184	0.6032787561416626	0.3684210479259491	0.5921052694320679	0.8999999761581421	0.8308480381965637	0.6578947305679321	0.8157894611358643	1.0	0.86212	76.25621710526316
cut0045_ptm0.675_r3	ESM-2 (Unsupervised)	0.4670846462249756	0.289473682641983	0.4078947305679321	0.6333333253860474	0.5171348452568054	0.289473682641983	0.4868420958518982	0.8333333134651184	0.5965463519096375	0.375	0.5789473652839661	0.8666666746139526	0.8042675852775574	0.6381579041481018	0.7894737124443054	0.9666666388511658	0.8636	74.30759868421053
cut0046_ptm0.678_r3	ESM-2 (Unsupervised)	0.4590867459774017	0.2763157784938812	0.4210526347160339	0.699999988079071	0.5553487539291382	0.289473682641983	0.5263158082962036	0.8333333134651184	0.6048262119293213	0.3815789520740509	0.5657894611358643	0.8999999761581421	0.698253870010376	0.5394737124443054	0.6842105388641357	0.8666666746139526	0.85216	75.48671052631579
cut0047_ptm0.665_r3	ESM-2 (Unsupervised)	0.460395872592926	0.2697368562221527	0.4078947305679321	0.7333333492279053	0.5485134720802307	0.2960526347160339	0.5263158082962036	0.8333333134651184	0.6223096251487732	0.3815789520740509	0.6184210777282715	0.8999999761581421	0.7264109253883362	0.5	0.7105262875556946	0.9666666388511658	0.86507	73.80959868421053
cut0048_ptm0.661_r3	ESM-2 (Unsupervised)	0.4543535113334656	0.2631579041481018	0.3947368562221527	0.699999988079071	0.5511872172355652	0.3026315867900848	0.5131579041481018	0.8333333134651184	0.6396293044090271	0.4013157784938812	0.6315789222717285	0.8999999761581421	0.7100975513458252	0.4605263173580169	0.7105262875556946	0.9666666388511658	0.8638	74.31315789473685
cut0049_ptm0.617_r3	ESM-2 (Unsupervised)	0.4528913497924804	0.2631579041481018	0.4078947305679321	0.699999988079071	0.552636981010437	0.3026315867900848	0.5	0.800000011920929	0.6468766927719116	0.4078947305679321	0.6184210777282715	0.9333333373069764	0.6859663128852844	0.4473684132099151	0.6842105388641357	0.9333333373069764	0.86128	70.21177631578948
cut0050_ptm0.664_r3	ESM-2 (Unsupervised)	0.4849868714809418	0.2763157784938812	0.4473684132099151	0.7333333492279053	0.546562135219574	0.2960526347160339	0.5263158082962036	0.800000011920929	0.6493654847145081	0.414473682641983	0.6315789222717285	0.9333333373069764	0.6629816293716431	0.4210526347160339	0.6578947305679321	0.9333333373069764	0.86459	74.0359342105263
cut0051_ptm0.660_r3	ESM-2 (Unsupervised)	0.4607955813407898	0.2631579041481018	0.4342105388641357	0.699999988079071	0.5419130921363831	0.2960526347160339	0.5131579041481018	0.7666666507720947	0.6518979668617249	0.4210526347160339	0.6315789222717285	0.8999999761581421	0.6482888460159302	0.3947368562221527	0.6447368264198303	0.9333333373069764	0.85769	73.28667105263158
cut0052_ptm0.658_r3	ESM-2 (Unsupervised)	0.4778574109077453	0.2763157784938812	0.4473684132099151	0.7333333492279053	0.5364710092544556	0.2960526347160339	0.5263158082962036	0.7666666507720947	0.669760525226593	0.4407894611358642	0.6315789222717285	0.9333333373069764	0.6306008100509644	0.4013157784938812	0.6315789222717285	0.8999999761581421	0.8575	74.71319736842105
cut0053_ptm0.655_r3	ESM-2 (Unsupervised)	0.4597604274749756	0.2697368562221527	0.4342105388641357	0.6666666865348816	0.5353599190711975	0.2960526347160339	0.5263158082962036	0.7333333492279053	0.6833363175392151	0.4473684132099151	0.6447368264198303	0.9333333373069764	0.6561887264251709	0.4276315867900848	0.6447368264198303	0.9333333373069764	0.85883	75.10444078947368
cut0054_ptm0.637_r3	ESM-2 (Unsupervised)	0.4640487134456634	0.2631579041481018	0.4473684132099151	0.7333333492279053	0.5100087523460388	0.2763157784938812	0.4868420958518982	0.7333333492279053	0.6698654294013977	0.4407894611358642	0.6315789222717285	0.9666666388511658	0.6382730603218079	0.4078947305679321	0.6315789222717285	0.9333333373069764	0.85574	74.35680263157894
cut0055_ptm0.631_r3	ESM-2 (Unsupervised)	0.4942344725131988	0.3026315867900848	0.5263158082962036	0.7333333492279053	0.5035024881362915	0.2631579041481018	0.4736842215061188	0.7666666507720947	0.6902040243148804	0.453947365283966	0.6842105388641357	0.9666666388511658	0.6567081212997437	0.4078947305679321	0.6447368264198303	0.9333333373069764	0.85214	74.17001973684211
cut0056_ptm0.652_r3	ESM-2 (Unsupervised)	0.4523046612739563	0.2697368562221527	0.4473684132099151	0.699999988079071	0.4952231049537658	0.2631579041481018	0.4605263173580169	0.699999988079071	0.6902169585227966	0.4605263173580169	0.6710526347160339	0.9666666388511658	0.6506238579750061	0.4013157784938812	0.6447368264198303	0.9333333373069764	0.85745	76.18386842105264
cut0057_ptm0.653_r3	ESM-2 (Unsupervised)	0.4686082303524017	0.2697368562221527	0.4605263173580169	0.7333333492279053	0.5063926577568054	0.2631579041481018	0.5	0.7333333492279053	0.6911234259605408	0.4605263173580169	0.6578947305679321	0.9666666388511658	0.6565674543380737	0.4013157784938812	0.6447368264198303	0.9333333373069764	0.85541	76.421375
cut0058_ptm0.670_r3	ESM-2 (Unsupervised)	0.4536514282226562	0.2565789520740509	0.4473684132099151	0.699999988079071	0.4956103265285492	0.2565789520740509	0.4736842215061188	0.7333333492279053	0.6850492358207703	0.4473684132099151	0.6842105388641357	0.9666666388511658	0.6507812738418579	0.3881579041481018	0.6578947305679321	0.9333333373069764	0.85208	78.1686052631579
cut0059_ptm0.661_r3	ESM-2 (Unsupervised)	0.460505336523056	0.2697368562221527	0.4605263173580169	0.699999988079071	0.4926278591156006	0.2565789520740509	0.4605263173580169	0.7333333492279053	0.6829079985618591	0.453947365283966	0.6578947305679321	0.9666666388511658	0.6443639993667603	0.3881579041481018	0.6315789222717285	0.8999999761581421	0.85763	78.56869078947368
cut0060_ptm0.652_r3	ESM-2 (Unsupervised)	0.4537079334259033	0.2697368562221527	0.4736842215061188	0.6666666865348816	0.4892945289611816	0.2565789520740509	0.4605263173580169	0.699999988079071	0.6788111329078674	0.453947365283966	0.6578947305679321	0.9666666388511658	0.650946855545044	0.4013157784938812	0.6447368264198303	0.8999999761581421	0.85846	77.41446710526316
cut0061_ptm0.634_r3	ESM-2 (Unsupervised)	0.4308239817619324	0.2565789520740509	0.4210526347160339	0.6000000238418579	0.4913484156131744	0.25	0.4736842215061188	0.7333333492279053	0.68473881483078	0.4407894611358642	0.6842105388641357	0.9666666388511658	0.6626846790313721	0.4078947305679321	0.6710526347160339	0.8999999761581421	0.84388	75.24234210526315
cut0062_ptm0.648_r3	ESM-2 (Unsupervised)	0.4231511056423187	0.2565789520740509	0.4210526347160339	0.6000000238418579	0.4926278591156006	0.2565789520740509	0.4605263173580169	0.7333333492279053	0.6832115054130554	0.4473684132099151	0.6973684430122375	0.9666666388511658	0.647441029548645	0.3815789520740509	0.6315789222717285	0.9333333373069764	0.83994	73.65946710526316
cut0063_ptm0.635_r3	ESM-2 (Unsupervised)	0.4308239817619324	0.2565789520740509	0.4210526347160339	0.6333333253860474	0.4861583113670349	0.2565789520740509	0.4473684132099151	0.7333333492279053	0.667577862739563	0.4342105388641357	0.6447368264198303	0.9666666388511658	0.6349552273750305	0.375	0.5921052694320679	0.9666666388511658	0.8323	70.76184210526317
cut0064_ptm0.657_r3	ESM-2 (Unsupervised)	0.4312357008457184	0.2631579041481018	0.4342105388641357	0.6333333253860474	0.4842286109924316	0.2631579041481018	0.4473684132099151	0.699999988079071	0.640597939491272	0.4078947305679321	0.6315789222717285	0.9333333373069764	0.6178271174430847	0.3618420958518982	0.5921052694320679	0.9666666388511658	0.83297	72.06702631578948
cut0065_ptm0.594_r3	ESM-2 (Unsupervised)	0.4675476551055908	0.2697368562221527	0.4605263173580169	0.7333333492279053	0.5658584833145142	0.3092105388641357	0.5394737124443054	0.8666666746139526	0.6466120481491089	0.3881579041481018	0.6315789222717285	0.9666666388511658	0.5923662185668945	0.3618420958518982	0.5394737124443054	0.9333333373069764	0.86254	69.76220394736842
cut0066_ptm0.620_r3	ESM-2 (Unsupervised)	0.4710856974124908	0.2697368562221527	0.4736842215061188	0.699999988079071	0.5492340326309204	0.3026315867900848	0.5263158082962036	0.8333333134651184	0.6029263734817505	0.3421052694320678	0.5526315569877625	0.9666666388511658	0.5845041275024414	0.3486842215061188	0.5263158082962036	0.9333333373069764	0.8642	74.58444736842107
cut0067_ptm0.623_r3	ESM-2 (Unsupervised)	0.4457024931907654	0.2697368562221527	0.4473684132099151	0.6333333253860474	0.5443503260612488	0.2960526347160339	0.5394737124443054	0.8666666746139526	0.6041525602340698	0.3486842215061188	0.5657894611358643	0.9333333373069764	0.5418741703033447	0.3486842215061188	0.4868420958518982	0.7666666507720947	0.86678	72.11745394736842
cut0068_ptm0.592_r3	ESM-2 (Unsupervised)	0.4549522399902344	0.2763157784938812	0.4473684132099151	0.6666666865348816	0.5271869897842407	0.2828947305679321	0.5131579041481018	0.8333333134651184	0.5924655795097351	0.3355263173580169	0.5394737124443054	0.9333333373069764	0.5182558298110962	0.3223684132099151	0.4605263173580169	0.800000011920929	0.86569	74.19080263157895
cut0069_ptm0.615_r3	ESM-2 (Unsupervised)	0.4435585439205169	0.2697368562221527	0.4342105388641357	0.6333333253860474	0.4542539715766907	0.2368421107530594	0.4210526347160339	0.699999988079071	0.6197275519371033	0.3618420958518982	0.5789473652839661	0.9666666388511658	0.3978599905967712	0.2763157784938812	0.328947365283966	0.6000000238418579	0.83513	71.92092105263157
cut0070_ptm0.610_r3	ESM-2 (Unsupervised)	0.4299861490726471	0.2631579041481018	0.4078947305679321	0.6000000238418579	0.4670745432376861	0.25	0.4473684132099151	0.7333333492279053	0.607395589351654	0.3421052694320678	0.5657894611358643	0.9666666388511658	0.3939270973205566	0.25	0.328947365283966	0.6000000238418579	0.84055	73.01819736842106
cut0071_ptm0.572_r3	ESM-2 (Unsupervised)	0.4235088229179382	0.2697368562221527	0.4078947305679321	0.6000000238418579	0.4841839373111725	0.2434210479259491	0.4473684132099151	0.7666666507720947	0.6214311718940735	0.3486842215061188	0.6052631735801697	0.9666666388511658	0.4011313915252685	0.2565789520740509	0.3421052694320678	0.6333333253860474	0.84618	75.54721710526317
cut0072_ptm0.570_r3	ESM-2 (Unsupervised)	0.4221156537532806	0.2631579041481018	0.4078947305679321	0.6000000238418579	0.4848538935184479	0.25	0.4473684132099151	0.7666666507720947	0.6177761554718018	0.3486842215061188	0.5921052694320679	0.9666666388511658	0.3890411555767059	0.2434210479259491	0.328947365283966	0.6666666865348816	0.84201	77.22346710526317
cut0073_ptm0.571_r3	ESM-2 (Unsupervised)	0.4287851452827453	0.2565789520740509	0.4078947305679321	0.6333333253860474	0.4898538589477539	0.25	0.4473684132099151	0.800000011920929	0.6203191876411438	0.3552631437778473	0.6052631735801697	0.9666666388511658	0.3898933827877044	0.25	0.328947365283966	0.6666666865348816	0.84799	77.41363157894736
cut0074_ptm0.563_r3	ESM-2 (Unsupervised)	0.4309640824794769	0.2565789520740509	0.4342105388641357	0.6000000238418579	0.4852047562599182	0.25	0.4342105388641357	0.7666666507720947	0.617169201374054	0.3552631437778473	0.5921052694320679	0.9666666388511658	0.3955495357513428	0.2697368562221527	0.3157894611358642	0.6000000238418579	0.84615	78.46688157894737
cut0075_ptm0.576_r3	ESM-2 (Unsupervised)	0.4199991822242737	0.2565789520740509	0.4078947305679321	0.6000000238418579	0.4838889539241791	0.25	0.4210526347160339	0.7666666507720947	0.6222575902938843	0.3618420958518982	0.5921052694320679	0.9666666388511658	0.4049662947654724	0.2565789520740509	0.3421052694320678	0.6000000238418579	0.84443	77.87307236842105
cut0076_ptm0.580_r3	ESM-2 (Unsupervised)	0.431870549917221	0.2565789520740509	0.4210526347160339	0.6000000238418579	0.4742647707462311	0.25	0.4210526347160339	0.7666666507720947	0.6222575902938843	0.3618420958518982	0.5921052694320679	0.9666666388511658	0.3981217741966247	0.25	0.328947365283966	0.6000000238418579	0.84238	77.86186184210527
cut0077_ptm0.570_r3	ESM-2 (Unsupervised)	0.4250213503837585	0.2631579041481018	0.4210526347160339	0.6000000238418579	0.472598135471344	0.25	0.4210526347160339	0.7666666507720947	0.6213141679763794	0.3618420958518982	0.5921052694320679	0.9666666388511658	0.4030165076255798	0.2697368562221527	0.328947365283966	0.6000000238418579	0.83386	76.79994078947368
cut0078_ptm0.590_r3	ESM-2 (Unsupervised)	0.4234596192836761	0.2631579041481018	0.4210526347160339	0.6000000238418579	0.4651714265346527	0.25	0.4078947305679321	0.7333333492279053	0.6144320368766785	0.3618420958518982	0.5657894611358643	0.9666666388511658	0.4097358286380768	0.2697368562221527	0.328947365283966	0.6666666865348816	0.82808	76.50948026315788
cut0079_ptm0.558_r3	ESM-2 (Unsupervised)	0.4405115246772766	0.2697368562221527	0.4210526347160339	0.6333333253860474	0.4629270136356354	0.2434210479259491	0.3947368562221527	0.7333333492279053	0.6150863170623779	0.3684210479259491	0.5789473652839661	0.9666666388511658	0.4136243462562561	0.2697368562221527	0.328947365283966	0.6333333253860474	0.82063	73.74969078947369
cut0080_ptm0.577_r3	ESM-2 (Unsupervised)	0.4417804777622223	0.2631579041481018	0.4078947305679321	0.6666666865348816	0.4669156670570373	0.2434210479259491	0.4078947305679321	0.7666666507720947	0.6076593995094299	0.3684210479259491	0.5657894611358643	0.9666666388511658	0.4112357497215271	0.2631579041481018	0.3421052694320678	0.6000000238418579	0.81394	74.44879605263158
cut0081_ptm0.634_r3	ESM-2 (Unsupervised)	0.4415723383426666	0.2631579041481018	0.4078947305679321	0.6666666865348816	0.4418932795524597	0.2368421107530594	0.3947368562221527	0.699999988079071	0.5909578800201416	0.3618420958518982	0.5394737124443054	0.9333333373069764	0.4009853303432464	0.2697368562221527	0.3684210479259491	0.5666666626930237	0.80437	73.24352631578947
cut0082_ptm0.625_r3	ESM-2 (Unsupervised)	0.4431399703025818	0.2763157784938812	0.4342105388641357	0.6333333253860474	0.5148162841796875	0.2763157784938812	0.4736842215061188	0.800000011920929	0.6455475091934204	0.4013157784938812	0.6184210777282715	1.0	0.4234894216060638	0.2697368562221527	0.3815789520740509	0.6000000238418579	0.85908	70.13992105263158
cut0083_ptm0.591_r3	ESM-2 (Unsupervised)	0.451436698436737	0.2763157784938812	0.4342105388641357	0.6666666865348816	0.5127865076065063	0.2763157784938812	0.4868420958518982	0.800000011920929	0.6552248597145081	0.4013157784938812	0.6315789222717285	1.0	0.4274429678916931	0.2631579041481018	0.3684210479259491	0.6333333253860474	0.85769	72.5671052631579
cut0084_ptm0.589_r3	ESM-2 (Unsupervised)	0.4528187215328216	0.2763157784938812	0.4342105388641357	0.6666666865348816	0.4969820082187652	0.2631579041481018	0.4473684132099151	0.7666666507720947	0.6689602136611938	0.4276315867900848	0.6447368264198303	0.9666666388511658	0.4240322709083557	0.2697368562221527	0.3684210479259491	0.6000000238418579	0.85752	73.65908552631579
cut0085_ptm0.579_r3	ESM-2 (Unsupervised)	0.4581696093082428	0.2763157784938812	0.4210526347160339	0.6666666865348816	0.5058956146240234	0.2763157784938812	0.4473684132099151	0.800000011920929	0.6675652265548706	0.4342105388641357	0.6315789222717285	0.9666666388511658	0.4303601384162903	0.2828947305679321	0.3684210479259491	0.6333333253860474	0.85784	74.34364473684211
cut0086_ptm0.583_r3	ESM-2 (Unsupervised)	0.4513997435569763	0.2763157784938812	0.4210526347160339	0.6333333253860474	0.505805492401123	0.2697368562221527	0.4473684132099151	0.8333333134651184	0.6734122037887573	0.4407894611358642	0.6578947305679321	0.9666666388511658	0.4531156122684479	0.2960526347160339	0.3947368562221527	0.6000000238418579	0.857	74.29773684210527
cut0087_ptm0.562_r3	ESM-2 (Unsupervised)	0.4373235702514648	0.2631579041481018	0.4078947305679321	0.6000000238418579	0.5115758180618286	0.2763157784938812	0.4736842215061188	0.800000011920929	0.6779348850250244	0.4407894611358642	0.6447368264198303	1.0	0.4675686359405517	0.3026315867900848	0.4210526347160339	0.6666666865348816	0.85698	74.0385
cut0088_ptm0.592_r3	ESM-2 (Unsupervised)	0.4603281617164612	0.2697368562221527	0.4342105388641357	0.6666666865348816	0.5159515142440796	0.2828947305679321	0.4868420958518982	0.800000011920929	0.6815630197525024	0.4473684132099151	0.6578947305679321	1.0	0.462462842464447	0.3223684132099151	0.4078947305679321	0.6333333253860474	0.85448	74.71438157894737
cut0089_ptm0.548_r3	ESM-2 (Unsupervised)	0.4642392098903656	0.2763157784938812	0.4473684132099151	0.6333333253860474	0.5131402015686035	0.2697368562221527	0.4736842215061188	0.800000011920929	0.6783992648124695	0.4407894611358642	0.6447368264198303	1.0	0.4721816182136535	0.328947365283966	0.4473684132099151	0.6000000238418579	0.85152	73.10144736842105
cut0090_ptm0.611_r3	ESM-2 (Unsupervised)	0.4692270159721374	0.2763157784938812	0.4473684132099151	0.6666666865348816	0.5226190090179443	0.2763157784938812	0.4868420958518982	0.8333333134651184	0.6832417249679565	0.4473684132099151	0.6578947305679321	1.0	0.4963552355766296	0.3618420958518982	0.4736842215061188	0.5666666626930237	0.86001	70.8442302631579
cut0091_ptm0.622_r3	ESM-2 (Unsupervised)	0.4696890413761139	0.2828947305679321	0.4473684132099151	0.6666666865348816	0.5123119950294495	0.2697368562221527	0.4736842215061188	0.8333333134651184	0.6757477521896362	0.4407894611358642	0.6710526347160339	0.9666666388511658	0.4992700517177582	0.3684210479259491	0.4736842215061188	0.6000000238418579	0.86095	71.86901315789474
cut0092_ptm0.636_r3	ESM-2 (Unsupervised)	0.4746460020542145	0.2828947305679321	0.4736842215061188	0.6333333253860474	0.5364129543304443	0.2828947305679321	0.5	0.8333333134651184	0.689466118812561	0.453947365283966	0.6710526347160339	0.9666666388511658	0.5524633526802063	0.3815789520740509	0.5394737124443054	0.699999988079071	0.86262	74.71820394736842
cut0093_ptm0.665_r3	ESM-2 (Unsupervised)	0.4817982316017151	0.289473682641983	0.5	0.6333333253860474	0.5559165477752686	0.289473682641983	0.5263158082962036	0.8666666746139526	0.6999312043190002	0.4605263173580169	0.6578947305679321	1.0	0.5235136151313782	0.3684210479259491	0.4605263173580169	0.7333333492279053	0.86184	77.6258355263158
cut0094_ptm0.631_r3	ESM-2 (Unsupervised)	0.4892815053462982	0.2960526347160339	0.4868420958518982	0.6666666865348816	0.557583212852478	0.289473682641983	0.5263158082962036	0.8666666746139526	0.7074724435806274	0.4671052694320678	0.6710526347160339	1.0	0.5597388744354248	0.3881579041481018	0.5263158082962036	0.800000011920929	0.86228	77.01177631578948
cut0095_ptm0.677_r3	ESM-2 (Unsupervised)	0.4803047776222229	0.2828947305679321	0.4736842215061188	0.6666666865348816	0.5560868382453918	0.2828947305679321	0.5263158082962036	0.8666666746139526	0.698110044002533	0.4671052694320678	0.6447368264198303	1.0	0.5726043581962585	0.414473682641983	0.5263158082962036	0.7666666507720947	0.86521	75.0173947368421
cut0096_ptm0.641_r3	ESM-2 (Unsupervised)	0.4805393815040588	0.289473682641983	0.4605263173580169	0.699999988079071	0.5532850027084351	0.289473682641983	0.5	0.8666666746139526	0.708760678768158	0.4736842215061188	0.6710526347160339	1.0	0.5984734296798706	0.414473682641983	0.5657894611358643	0.8333333134651184	0.86205	76.48593421052632
cut0097_ptm0.684_r3	ESM-2 (Unsupervised)	0.477670282125473	0.2828947305679321	0.4736842215061188	0.6333333253860474	0.5427409410476685	0.2960526347160339	0.5	0.8333333134651184	0.6999785304069519	0.4671052694320678	0.6842105388641357	1.0	0.6110945343971252	0.4210526347160339	0.5526315569877625	0.8666666746139526	0.85987	76.57877631578947
cut0098_ptm0.648_r3	ESM-2 (Unsupervised)	0.4614829421043396	0.289473682641983	0.4605263173580169	0.6333333253860474	0.554133951663971	0.3026315867900848	0.5	0.8666666746139526	0.705451250076294	0.4868420958518982	0.6842105388641357	0.9666666388511658	0.6438100934028625	0.4473684132099151	0.5789473652839661	0.8999999761581421	0.86154	77.52813815789473
cut0099_ptm0.678_r3	ESM-2 (Unsupervised)	0.4546116292476654	0.289473682641983	0.4473684132099151	0.6000000238418579	0.5552240610122681	0.3026315867900848	0.4868420958518982	0.8666666746139526	0.6999110579490662	0.4802631437778473	0.6973684430122375	0.9666666388511658	0.6295359134674072	0.4276315867900848	0.5921052694320679	0.8333333134651184	0.86358	76.17588815789475
cut0100_ptm0.646_r3	ESM-2 (Unsupervised)	0.4331715106964111	0.2763157784938812	0.4210526347160339	0.5666666626930237	0.546154260635376	0.2960526347160339	0.4868420958518982	0.8666666746139526	0.7028006315231323	0.4934210479259491	0.6973684430122375	0.9666666388511658	0.6551985144615173	0.4342105388641357	0.6447368264198303	0.8999999761581421	0.86219	77.04668421052632
cut0101_ptm0.656_r3	ESM-2 (Unsupervised)	0.4388958513736725	0.2763157784938812	0.4078947305679321	0.6000000238418579	0.5401093363761902	0.2960526347160339	0.4736842215061188	0.8333333134651184	0.7069380879402161	0.4868420958518982	0.6842105388641357	0.9666666388511658	0.6857420206069946	0.4671052694320678	0.6842105388641357	0.9333333373069764	0.85745	76.7369802631579
cut0102_ptm0.673_r3	ESM-2 (Unsupervised)	0.4400767683982849	0.2763157784938812	0.3815789520740509	0.6333333253860474	0.5454849600791931	0.2960526347160339	0.4736842215061188	0.8666666746139526	0.7034128308296204	0.4868420958518982	0.6842105388641357	0.9666666388511658	0.69561368227005	0.4605263173580169	0.6842105388641357	0.9333333373069764	0.86473	78.09838157894738
cut0103_ptm0.665_r3	ESM-2 (Unsupervised)	0.4361982345581054	0.2631579041481018	0.4078947305679321	0.6000000238418579	0.5440229773521423	0.2960526347160339	0.4868420958518982	0.8333333134651184	0.705823540687561	0.4868420958518982	0.6973684430122375	0.9666666388511658	0.6859195232391357	0.4605263173580169	0.6973684430122375	0.8999999761581421	0.86612	76.87575657894736
cut0104_ptm0.667_r3	ESM-2 (Unsupervised)	0.4308939576148987	0.25	0.3947368562221527	0.6333333253860474	0.5413104295730591	0.289473682641983	0.4868420958518982	0.8666666746139526	0.7007273435592651	0.4736842215061188	0.6842105388641357	0.9666666388511658	0.6880645155906677	0.4802631437778473	0.6973684430122375	0.8999999761581421	0.85729	75.34555263157895
cut0105_ptm0.638_r3	ESM-2 (Unsupervised)	0.4664119184017181	0.2763157784938812	0.4210526347160339	0.6333333253860474	0.5343207120895386	0.289473682641983	0.4868420958518982	0.8333333134651184	0.7061890363693237	0.4802631437778473	0.6842105388641357	0.9666666388511658	0.6719067096710205	0.4671052694320678	0.6578947305679321	0.8999999761581421	0.85956	77.41018421052631
cut0106_ptm0.623_r3	ESM-2 (Unsupervised)	0.4881255626678467	0.2828947305679321	0.4473684132099151	0.699999988079071	0.5372418165206909	0.289473682641983	0.4868420958518982	0.8333333134651184	0.7049617767333984	0.4736842215061188	0.6842105388641357	0.9666666388511658	0.6550605893135071	0.4605263173580169	0.6447368264198303	0.8666666746139526	0.86345	78.07432236842105
cut0107_ptm0.628_r3	ESM-2 (Unsupervised)	0.4918164312839508	0.289473682641983	0.4605263173580169	0.699999988079071	0.5409939885139465	0.2763157784938812	0.4736842215061188	0.8333333134651184	0.7075178027153015	0.4736842215061188	0.6973684430122375	0.9666666388511658	0.6545875668525696	0.453947365283966	0.6315789222717285	0.8999999761581421	0.86361	76.98644736842105
cut0108_ptm0.614_r3	ESM-2 (Unsupervised)	0.4762425422668457	0.2763157784938812	0.4342105388641357	0.699999988079071	0.5441570281982422	0.2828947305679321	0.4736842215061188	0.8333333134651184	0.7072209715843201	0.4736842215061188	0.6973684430122375	0.9666666388511658	0.6315721869468689	0.4342105388641357	0.6052631735801697	0.8333333134651184	0.85536	74.1311644736842
cut0109_ptm0.661_r3	ESM-2 (Unsupervised)	0.466062843799591	0.2763157784938812	0.4342105388641357	0.6666666865348816	0.5270950794219971	0.2697368562221527	0.4605263173580169	0.800000011920929	0.6953781843185425	0.4802631437778473	0.6578947305679321	0.9666666388511658	0.6260021328926086	0.4407894611358642	0.6052631735801697	0.7666666507720947	0.84835	73.24176315789474
cut0110_ptm0.714_r3	ESM-2 (Unsupervised)	0.4728291928768158	0.2763157784938812	0.4473684132099151	0.6666666865348816	0.5402896404266357	0.2828947305679321	0.5	0.800000011920929	0.6862212419509888	0.4605263173580169	0.6710526347160339	0.9666666388511658	0.6950989365577698	0.4934210479259491	0.6710526347160339	0.9333333373069764	0.86969	77.12065131578947
cut0111_ptm0.689_r3	ESM-2 (Unsupervised)	0.4608799815177917	0.2828947305679321	0.4210526347160339	0.6666666865348816	0.5299287438392639	0.2763157784938812	0.5	0.8333333134651184	0.6734583973884583	0.453947365283966	0.6710526347160339	0.9333333373069764	0.7104392647743225	0.5	0.6973684430122375	0.9333333373069764	0.87193	73.8428947368421
cut0112_ptm0.629_r3	ESM-2 (Unsupervised)	0.4973770976066589	0.3092105388641357	0.4868420958518982	0.7666666507720947	0.530664324760437	0.2763157784938812	0.5	0.8666666746139526	0.6634708642959595	0.4342105388641357	0.6447368264198303	0.9666666388511658	0.7449716329574585	0.5394737124443054	0.7236841917037964	0.9666666388511658	0.87527	70.55184210526315
cut0113_ptm0.579_r3	ESM-2 (Unsupervised)	0.512093186378479	0.3355263173580169	0.5131579041481018	0.7333333492279053	0.5198929905891418	0.2763157784938812	0.4736842215061188	0.8333333134651184	0.6216716170310974	0.4013157784938812	0.6315789222717285	0.8999999761581421	0.7448166608810425	0.5526315569877625	0.7236841917037964	0.9333333373069764	0.86952	65.69680263157895
cut0114_ptm0.634_r3	ESM-2 (Unsupervised)	0.4917598664760589	0.3092105388641357	0.4605263173580169	0.7333333492279053	0.5166500210762024	0.2697368562221527	0.4868420958518982	0.800000011920929	0.6218814849853516	0.3881579041481018	0.6447368264198303	0.8666666746139526	0.7611935138702393	0.5592105388641357	0.7236841917037964	1.0	0.85797	70.22961842105263
cut0115_ptm0.691_r3	ESM-2 (Unsupervised)	0.5151649117469788	0.3157894611358642	0.5	0.7666666507720947	0.4103675782680511	0.2105263173580169	0.3684210479259491	0.6333333253860474	0.6121562123298645	0.3815789520740509	0.6315789222717285	0.8666666746139526	0.7700372934341431	0.5789473652839661	0.75	1.0	0.83876	73.25929605263158
cut0116_ptm0.662_r3	ESM-2 (Unsupervised)	0.4655932784080505	0.2960526347160339	0.4210526347160339	0.699999988079071	0.4322018027305603	0.2105263173580169	0.3684210479259491	0.699999988079071	0.6138355731964111	0.3815789520740509	0.6447368264198303	0.8666666746139526	0.7972269058227539	0.6052631735801697	0.7631579041481018	1.0	0.85037	71.70530263157895
cut0117_ptm0.687_r3	ESM-2 (Unsupervised)	0.483450323343277	0.3157894611358642	0.4736842215061188	0.6666666865348816	0.4442563652992248	0.2105263173580169	0.3684210479259491	0.7666666507720947	0.6208868622779846	0.3815789520740509	0.6578947305679321	0.8666666746139526	0.8034451603889465	0.6315789222717285	0.7763158082962036	0.9666666388511658	0.8545	74.97178289473683
cut0118_ptm0.698_r3	ESM-2 (Unsupervised)	0.4847423136234283	0.3092105388641357	0.4736842215061188	0.6666666865348816	0.4372387826442718	0.2105263173580169	0.3815789520740509	0.7333333492279053	0.6183689832687378	0.3815789520740509	0.6447368264198303	0.8666666746139526	0.8013124465942383	0.6184210777282715	0.8026315569877625	0.9666666388511658	0.86087	75.96340131578947
cut0119_ptm0.706_r3	ESM-2 (Unsupervised)	0.4844724535942077	0.3026315867900848	0.4736842215061188	0.6666666865348816	0.4372387826442718	0.2105263173580169	0.3815789520740509	0.7333333492279053	0.6209642887115479	0.3881579041481018	0.6447368264198303	0.8666666746139526	0.812150776386261	0.6315789222717285	0.7894737124443054	1.0	0.86326	76.5516052631579
cut0120_ptm0.694_r3	ESM-2 (Unsupervised)	0.4819518029689789	0.3092105388641357	0.4605263173580169	0.6333333253860474	0.4405721127986908	0.2105263173580169	0.3815789520740509	0.7666666507720947	0.6215324997901917	0.3881579041481018	0.6578947305679321	0.8333333134651184	0.8151677250862122	0.6381579041481018	0.8157894611358643	1.0	0.86587	76.54695394736842
cut0121_ptm0.690_r3	ESM-2 (Unsupervised)	0.4946348071098327	0.3157894611358642	0.4736842215061188	0.6666666865348816	0.4405721127986908	0.2105263173580169	0.3815789520740509	0.7666666507720947	0.6178233623504639	0.3881579041481018	0.6578947305679321	0.8333333134651184	0.8097813725471497	0.6381579041481018	0.8157894611358643	0.9666666388511658	0.86599	76.21170394736842
cut0122_ptm0.683_r3	ESM-2 (Unsupervised)	0.5028769969940186	0.3223684132099151	0.4868420958518982	0.699999988079071	0.4372387826442718	0.2105263173580169	0.3815789520740509	0.7333333492279053	0.6160535216331482	0.3881579041481018	0.6578947305679321	0.8333333134651184	0.8061558604240417	0.625	0.8026315569877625	0.9666666388511658	0.85961	75.23813157894737
cut0123_ptm0.671_r3	ESM-2 (Unsupervised)	0.4801079630851745	0.3026315867900848	0.4605263173580169	0.6666666865348816	0.4455601274967193	0.2105263173580169	0.3815789520740509	0.7666666507720947	0.6149916052818298	0.3881579041481018	0.6710526347160339	0.8333333134651184	0.81034916639328	0.6381579041481018	0.8157894611358643	0.9666666388511658	0.85693	74.9859605263158
cut0124_ptm0.652_r3	ESM-2 (Unsupervised)	0.4869048595428467	0.3026315867900848	0.4342105388641357	0.7333333492279053	0.4390757083892822	0.203947365283966	0.3815789520740509	0.7333333492279053	0.6051008701324463	0.375	0.6447368264198303	0.800000011920929	0.7940019369125366	0.6052631735801697	0.7894737124443054	0.9333333373069764	0.84835	73.05949342105264
cut0125_ptm0.646_r3	ESM-2 (Unsupervised)	0.4308115839958191	0.2763157784938812	0.3815789520740509	0.6333333253860474	0.4259257316589355	0.203947365283966	0.3684210479259491	0.699999988079071	0.6188657283782959	0.3947368562221527	0.6710526347160339	0.800000011920929	0.7991694211959839	0.6184210777282715	0.7763158082962036	0.9333333373069764	0.84393	70.91978289473684
cut0126_ptm0.644_r3	ESM-2 (Unsupervised)	0.4559288620948791	0.289473682641983	0.4473684132099151	0.6333333253860474	0.5207715034484863	0.2697368562221527	0.5	0.7666666507720947	0.6107587814331055	0.3947368562221527	0.6315789222717285	0.8333333134651184	0.801814079284668	0.625	0.7894737124443054	0.9333333373069764	0.86739	70.41576973684211
cut0127_ptm0.627_r3	ESM-2 (Unsupervised)	0.4658804833889007	0.2828947305679321	0.4342105388641357	0.6333333253860474	0.524579644203186	0.2763157784938812	0.5131579041481018	0.800000011920929	0.600659191608429	0.3815789520740509	0.6315789222717285	0.800000011920929	0.810542106628418	0.6315789222717285	0.8157894611358643	0.9666666388511658	0.86567	68.81371710526317
cut0128_ptm0.632_r3	ESM-2 (Unsupervised)	0.4862565994262695	0.3026315867900848	0.4868420958518982	0.6333333253860474	0.5217768549919128	0.2763157784938812	0.5	0.800000011920929	0.5998991131782532	0.3684210479259491	0.6315789222717285	0.8333333134651184	0.8090012669563293	0.6315789222717285	0.8289473652839661	0.9666666388511658	0.87563	69.35809868421053
cut0129_ptm0.582_r3	ESM-2 (Unsupervised)	0.4071353375911712	0.2631579041481018	0.3552631437778473	0.5666666626930237	0.5037972927093506	0.2697368562221527	0.4868420958518982	0.7666666507720947	0.5956133008003235	0.3684210479259491	0.6052631735801697	0.8333333134651184	0.7964685559272766	0.5986841917037964	0.8157894611358643	0.9666666388511658	0.77075	63.449480263157895
cut0130_ptm0.592_r3	ESM-2 (Unsupervised)	0.4239560961723327	0.2631579041481018	0.3684210479259491	0.6000000238418579	0.5286545157432556	0.2697368562221527	0.5	0.8666666746139526	0.6241796016693115	0.3947368562221527	0.6447368264198303	0.8333333134651184	0.7997750639915466	0.6052631735801697	0.8157894611358643	0.9666666388511658	0.78433	63.913
cut0131_ptm0.600_r3	ESM-2 (Unsupervised)	0.4518820345401764	0.289473682641983	0.4342105388641357	0.6000000238418579	0.5280625820159912	0.2631579041481018	0.4868420958518982	0.8333333134651184	0.6659861207008362	0.414473682641983	0.6842105388641357	0.8999999761581421	0.803763210773468	0.6118420958518982	0.8421052694320679	0.9333333373069764	0.78648	65.56294078947367
cut0132_ptm0.661_r3	ESM-2 (Unsupervised)	0.3945266604423523	0.2368421107530594	0.328947365283966	0.6000000238418579	0.5213711857795715	0.2631579041481018	0.4736842215061188	0.8333333134651184	0.6669922471046448	0.4342105388641357	0.6842105388641357	0.8999999761581421	0.8036738634109497	0.625	0.8157894611358643	0.9333333373069764	0.8381	70.38884868421053
cut0133_ptm0.655_r3	ESM-2 (Unsupervised)	0.3873730003833771	0.2171052694320678	0.328947365283966	0.6000000238418579	0.5236056447029114	0.2631579041481018	0.4736842215061188	0.8333333134651184	0.6711382269859314	0.4276315867900848	0.6842105388641357	0.9333333373069764	0.8108142018318176	0.6381579041481018	0.8157894611358643	0.9333333373069764	0.83847	69.28907894736841
cut0134_ptm0.697_r3	ESM-2 (Unsupervised)	0.3996299207210541	0.2236842066049575	0.3552631437778473	0.6333333253860474	0.5307846665382385	0.2763157784938812	0.4868420958518982	0.8333333134651184	0.6737449169158936	0.4276315867900848	0.6973684430122375	0.8999999761581421	0.7983788847923279	0.6315789222717285	0.7894737124443054	0.9333333373069764	0.85634	73.38040131578947
cut0135_ptm0.714_r3	ESM-2 (Unsupervised)	0.419273316860199	0.2434210479259491	0.3684210479259491	0.6333333253860474	0.526522696018219	0.2697368562221527	0.4868420958518982	0.8333333134651184	0.6653023958206177	0.4210526347160339	0.6842105388641357	0.8999999761581421	0.7939735054969788	0.625	0.7894737124443054	0.9333333373069764	0.85045	74.73839473684211
cut0136_ptm0.727_r3	ESM-2 (Unsupervised)	0.4067602753639221	0.2302631586790084	0.3421052694320678	0.6000000238418579	0.5255793333053589	0.2697368562221527	0.4868420958518982	0.8333333134651184	0.669263482093811	0.4276315867900848	0.6842105388641357	0.8999999761581421	0.7949554324150085	0.625	0.7894737124443054	0.9333333373069764	0.85876	75.62816447368421
cut0137_ptm0.727_r3	ESM-2 (Unsupervised)	0.4091413915157318	0.2302631586790084	0.328947365283966	0.6333333253860474	0.529843807220459	0.2697368562221527	0.4868420958518982	0.8333333134651184	0.669263482093811	0.4276315867900848	0.6842105388641357	0.8999999761581421	0.7905386686325073	0.6184210777282715	0.8026315569877625	0.9333333373069764	0.86272	76.20717763157893
cut0138_ptm0.725_r3	ESM-2 (Unsupervised)	0.4247163832187652	0.2434210479259491	0.3421052694320678	0.6666666865348816	0.5272579789161682	0.2697368562221527	0.4868420958518982	0.8333333134651184	0.6683200597763062	0.4276315867900848	0.6842105388641357	0.8999999761581421	0.8062804937362671	0.6381579041481018	0.8157894611358643	0.9666666388511658	0.86449	76.16782236842106
cut0139_ptm0.719_r3	ESM-2 (Unsupervised)	0.4146412909030914	0.2302631586790084	0.3421052694320678	0.6333333253860474	0.5281771421432495	0.2697368562221527	0.4868420958518982	0.8333333134651184	0.6706472635269165	0.4276315867900848	0.6842105388641357	0.8999999761581421	0.8150866627693176	0.6447368264198303	0.8289473652839661	0.9666666388511658	0.87727	76.16407236842105
cut0140_ptm0.724_r3	ESM-2 (Unsupervised)	0.3750501275062561	0.2236842066049575	0.3026315867900848	0.5666666626930237	0.5277890563011169	0.2697368562221527	0.4868420958518982	0.8333333134651184	0.6699239611625671	0.4276315867900848	0.6842105388641357	0.8999999761581421	0.8104007840156555	0.6381579041481018	0.8289473652839661	0.9666666388511658	0.86857	76.87874342105263
cut0141_ptm0.721_r3	ESM-2 (Unsupervised)	0.4137420058250427	0.2565789520740509	0.3552631437778473	0.5666666626930237	0.5276216268539429	0.2697368562221527	0.4868420958518982	0.8333333134651184	0.667417049407959	0.4276315867900848	0.6842105388641357	0.8666666746139526	0.8098717927932739	0.6447368264198303	0.8157894611358643	0.9666666388511658	0.85978	76.57462500000001
cut0142_ptm0.670_r3	ESM-2 (Unsupervised)	0.3920989334583282	0.2302631586790084	0.328947365283966	0.5333333611488342	0.5242882966995239	0.2697368562221527	0.4868420958518982	0.800000011920929	0.6604572534561157	0.4210526347160339	0.6710526347160339	0.8999999761581421	0.8180691003799438	0.6644737124443054	0.8421052694320679	0.9666666388511658	0.79753	72.40880921052633
cut0143_ptm0.685_r3	ESM-2 (Unsupervised)	0.3946816325187683	0.2368421107530594	0.3157894611358642	0.6000000238418579	0.5267899632453918	0.2828947305679321	0.4868420958518982	0.800000011920929	0.6626769304275513	0.4276315867900848	0.6710526347160339	0.8999999761581421	0.8118465542793274	0.6447368264198303	0.8289473652839661	0.9666666388511658	0.78828	74.36400657894737
cut0144_ptm0.691_r3	ESM-2 (Unsupervised)	0.435518354177475	0.2631579041481018	0.3815789520740509	0.6666666865348816	0.5194559693336487	0.2697368562221527	0.4868420958518982	0.800000011920929	0.6657495498657227	0.4342105388641357	0.6842105388641357	0.8999999761581421	0.8070815205574036	0.6447368264198303	0.8026315569877625	0.9666666388511658	0.83249	74.12809868421054
cut0145_ptm0.688_r3	ESM-2 (Unsupervised)	0.4197084307670593	0.2631579041481018	0.3421052694320678	0.6000000238418579	0.5328114628791809	0.2763157784938812	0.5	0.8333333134651184	0.6603392958641052	0.4276315867900848	0.6710526347160339	0.8999999761581421	0.8209063410758972	0.6710526347160339	0.8289473652839661	0.9666666388511658	0.83473	77.35303289473684
cut0146_ptm0.696_r3	ESM-2 (Unsupervised)	0.4686981737613678	0.3223684132099151	0.4210526347160339	0.6666666865348816	0.5372965335845947	0.3157894611358642	0.5	0.8333333134651184	0.6654569506645203	0.4276315867900848	0.6842105388641357	0.9333333373069764	0.828089714050293	0.6710526347160339	0.8157894611358643	0.9666666388511658	0.85414	78.38494736842104
cut0147_ptm0.701_r3	ESM-2 (Unsupervised)	0.4603394567966461	0.289473682641983	0.4078947305679321	0.699999988079071	0.532447874546051	0.2763157784938812	0.5	0.8333333134651184	0.6620593070983887	0.4276315867900848	0.6842105388641357	0.9333333373069764	0.8386784791946411	0.6842105388641357	0.8289473652839661	0.9666666388511658	0.84187	78.69182236842104
cut0148_ptm0.681_r3	ESM-2 (Unsupervised)	0.4664446413516998	0.3092105388641357	0.4210526347160339	0.6666666865348816	0.5301912426948547	0.2697368562221527	0.4868420958518982	0.8333333134651184	0.6840499043464661	0.453947365283966	0.7105262875556946	0.9666666388511658	0.8523237109184265	0.7105262875556946	0.8552631735801697	0.9666666388511658	0.87622	76.68726315789473
cut0149_ptm0.718_r3	ESM-2 (Unsupervised)	0.4223641455173492	0.2697368562221527	0.3815789520740509	0.5666666626930237	0.5312101244926453	0.2697368562221527	0.5	0.8333333134651184	0.6962146162986755	0.4671052694320678	0.7236841917037964	0.9666666388511658	0.8497833013534546	0.6973684430122375	0.8421052694320679	0.9666666388511658	0.87412	81.03025657894736
cut0150_ptm0.738_r3	ESM-2 (Unsupervised)	0.4293816685676574	0.2697368562221527	0.3684210479259491	0.6666666865348816	0.5301112532615662	0.2697368562221527	0.5	0.8333333134651184	0.7019723653793335	0.4736842215061188	0.7368420958518982	0.9666666388511658	0.8488398790359497	0.6973684430122375	0.8421052694320679	0.9666666388511658	0.93104	82.49555921052632
cut0151_ptm0.744_r3	ESM-2 (Unsupervised)	0.4466234743595123	0.2828947305679321	0.3815789520740509	0.6666666865348816	0.5301112532615662	0.2697368562221527	0.5	0.8333333134651184	0.699237585067749	0.4605263173580169	0.7236841917037964	0.9666666388511658	0.8534098863601685	0.7171052694320679	0.8421052694320679	0.9666666388511658	0.94953	82.66051973684212
